Index,date,time,Sentimiento,Comentarios,Categorias 3,CategorÃ­a 2,Categoria 1,tweet
1,2023-01-01,,Positivo,,,?,Agradecimiento,"Resuelto, muchÃ­simas gracias , excelente servicio como siempre"
2,2023-01-02,,,,,Solicitud de apoyo,Agradecimiento,"Muchas gracias, espero su dm"
3,2023-01-02,,,,,,Agradecimiento,Muchas gracias!
4,2023-01-02,,,,,,Comentario Negativo,Algo similar me paso. QuerÃ­a renovar mi token para poder hacer una transferencia antes de cerrar la cuenta y wow. Fue mÃ¡s fÃ¡cil sacar el dinero por ventanilla.
5,2023-01-02,,,,,,Comentario Positivo,Yeeeei! a travÃ©s de mi cuenta en acabo de contratar mi cuenta de ahorro con mi reto de 2023 para tener 25 mil pesos al final del aÃ±o. Tiene una sÃºper herramienta para domiciliar a mi cuenta eje y asÃ­ ahorrar disciplinadamente cada semana! Vamos !!! ğŸ’ªğŸ¼ğŸ’°
6,2023-01-02,,,,,,?,Esta es la seÃ±al que necesitan para tener el mÃ­nimo dinero en banamex
7,2023-01-03,,,,,,Agradecimiento,Gracias ğŸ˜
8,2023-01-03,,,,,,Agradecimiento,Muchas gracias ğŸ˜Š
9,2023-01-03,,,,,,Comentario Positivo,"Yo no sÃ© mucho, pero te recomiendo la InversiÃ³n de . De los mejores rendimientos que he visto, y plazo a 7 dÃ­as. TambiÃ©n el de estÃ¡ chingÃ³n, pero tienen un lÃ­mite de 20k en inversÃ³n."
10,2023-01-04,,,,,,Agradecimiento,Gracias por la playera que me dieron en GalerÃ­as GDL.
11,2023-01-04,,,,,,Solicitud de apoyo,buen dÃ­a...tengo problemas con mi cuenta
12,2023-01-05,,,,,,Agradecimiento,Gracias
13,2023-01-05,,,,,,Agradecimiento,Mis Respetos para ustedes... Gracias por el servicio ğŸ™ŒğŸ»
14,2023-01-05,,,,,,Agradecimiento,"Si ya la bloquee y desbloquee y pude hacer el deposito en oxxo, gracias"
15,2023-01-06,,,,,,Agradecimiento,"Ya todo bien, gracias ğŸ‘"
16,2023-01-06,,,,,,Agradecimiento,Milagro que me gano algo ğŸ«¶ğŸ»
17,2023-01-06,,,,,,Comentario Positivo,Siii amigo jajaja estÃ¡ muy padre y puedes inveir y te da buen rendimiento ğŸŒš
18,2023-01-06,,,,,,Agradecimiento,nunca habÃ­a ganado nada antes âœ¨ hahaha
19,2023-01-06,,,,,,Comentario Positivo,Con el CashBack de pude pagar mi servicio de internet. yei :)
20,2023-01-07,,,,,,Agradecimiento,Gracias!!!
21,2023-01-07,,,,,,Agradecimiento,"Listo, gracias"
22,2023-01-07,,,,,,Agradecimiento,Si gracias
23,2023-01-08,,,,,,?,A mÃ­ me llegÃ³ una semana despuÃ©s aprox
24,2023-01-09,,,,,,Solicitud de apoyo,hola buen dÃ­a tengo algunas dudas con mi cuenta podrÃ­an ponerse en contacto... Muchas gracias..
25,2023-01-10,,,,,,Agradecimiento,Muchas gracias!
26,2023-01-10,,,,,,Agradecimiento,Muchas gracias ğŸ™
27,2023-01-10,,,,,,?,"Bloquea la tarjeta 5 minutos o mÃ¡s, posteriomente la vuelves a desbloquear y ya la agregas. Esa es la soluciÃ³n, me confirmas con un tweet por favor."
28,2023-01-10,,,,,,Comentario Positivo,"Es de 35,000 UDIS (184,000).De todas las plataformas en las que he inveido las mejores son Finsus y cetes para largo plazo y HeyBanco es para mi la mejor opciÃ³n para tu fondo de emergencia , ya que tienes liquidez semanal. En Finsus tengo al rededor del 90% de mi poafolio."
29,2023-01-11,,,,,,Agradecimiento,Excelente Gracias por responder ğŸ™ estaremos muy atentos ğŸ¤
30,2023-01-11,,,,,,Comentario Negativo,"Pues bueno, me quedÃ© sin cena, muchas gracias ğŸ‘"
31,2023-01-11,,,,,,Agradecimiento,"Gracias e igualmente, bendiciones ğŸ™"
32,2023-01-11,,,,,,Solicitud de apoyo,Vale estoy esperando
33,2023-01-11,,,,,,Agradecimiento,Muchas gracias espero la respuesta
34,2023-01-13,,,,,,Comentario Positivo,Me ganÃ© 99 pesitos de crÃ©dito en Amazon coesÃ­a de QuÃ© agradables sujetos ğŸ˜
35,2023-01-13,,,,,,?,es mejor
36,2023-01-13,,,,,,Solicitud de apoyo,ContÃ©stenme por favor
37,2023-01-14,,,,,,Agradecimiento,Muchas gracias que amables ğŸ˜Š
38,2023-01-14,,,,,,Comentario Positivo,"heybanco muchos aÃ±os como cliente de bancomer y me encontre con y la verdad estoy muy agusto con los servicios, la app y las tarjetas debito y credito"
39,2023-01-14,,,,,,Solicitud de apoyo,amigos les mandÃ© dm gracias
40,2023-01-14,,,,,,Solicitud de apoyo,solicito su ayuda gracias
41,2023-01-15,,,,,Solicitud de apoyo,Agradecimiento,Gracias!Ya respondÃ­.Quedo atenta
42,2023-01-16,,,,,,Agradecimiento,Va gracias
43,2023-01-16,,,,,,Agradecimiento,No sÃ© ni a quÃ© le piquÃ© pero muchas graciasğŸ˜‚â¤ï¸
44,2023-01-16,,,,,,,"PlaneaciÃ³n de temporada 2023 de los equipos, gracias a por la ocnfianza desde el dÃ­a 1 y se viene la bomba de patrocinio con vamos por el doblete!!!}@DavilaCarloss"
45,2023-01-16,,,,,,Comentario Positivo,Por eso son mi banco 1 â­â­â­â­â­
46,2023-01-17,,,,,,Agradecimiento,Gracias
47,2023-01-17,,,,,,Agradecimiento,Thanks!
48,2023-01-17,,,,,,Agradecimiento,Muchas gracias!
49,2023-01-17,,,,,,Agradecimiento,"Muchas gracias, me ayudÃ³ lo suficiente, el cargo ya no procediÃ³, se poaron muy bn aun cuando no me pude comunicar por telÃ©fono, fueron muy amables, mil gracias por su interÃ©s se hizo cargo de todo"
50,2023-01-17,,,,,,Agradecimiento,"IncreÃ­ble, gracias HeyBanco!!@heybanco"
51,2023-01-17,,,,,,?,Me contestaron que sÃ­.
52,2023-01-18,,,,,,Agradecimiento,Gracias
53,2023-01-18,,,,,,Agradecimiento,Gracias!
54,2023-01-18,,,,,,Agradecimiento,Graciaaas.
55,2023-01-18,,,,,,Comentario positivo,"Gracias por estar al pendiente,estoy segura que se va a poner las pilas para que lleguen los incentivos, si no estarÃ© pidiendo su apoyo."
56,2023-01-18,,,,,,Comentario positivo,"ğŸ’°La sexta opciÃ³n estÃ¡ opciÃ³n es de las mejores, su pagarÃ© a 7 dÃ­as es el mejor del mercado con tasa del 10% anual solo que la inversiÃ³n aquÃ­ es desde $5,000, tiene un plan de metas que te dan rendimiento a mes vencido del 4% y tÃº dinero disponible en cualquier momento"
57,2023-01-18,,,,,,?,ğŸ‡¬ğŸ‡¹ quÃ© buena onda por vos David ğŸ‘ğŸ‘ a disfrutarlo!!!
58,2023-01-19,,,,,,Agradecimiento,Â¡Gracias
59,2023-01-19,,,,,,Solicitud de apoyo,"Â¡Hola!, me pueden apoyar por favor ğŸ˜¬"
60,2023-01-19,,,,,,Agradecimiento,"Eso se agradece, el aviso ğŸ‘ğŸ¼ğŸ‘ğŸ¼ğŸ‘ğŸ¼ğŸ‘ğŸ¼ğŸ‘ğŸ¼"
61,2023-01-19,,,,,Caso resuelto,Agradecimiento,"Gracias, ya se ve reflejado. Solucionado. Gracias"
62,2023-01-20,,,,,,Agradecimiento,"Listo, gracias!"
63,2023-01-20,,,,,,Agradecimiento,Muchas gracias!
64,2023-01-20,,,,,,?,Los tkm â™¥ï¸
65,2023-01-20,,,,,,Comentario positivo,"CoesÃ­a de AnÃ­mense a sacar cuenta de Hey, muchas gracias por el regalo c:@nei_aokii"
66,2023-01-20,,,,,,?,Cof cof tambiÃ©n â¤ï¸â¤ï¸
67,2023-01-20,,,,,,Comentario positivo,te lo sÃºper recomiendo. Y no te cobran el plÃ¡stico.
68,2023-01-20,,,,,,Comentario positivo,"Afounadamente, en MÃ©xico tenemos , que nos da el 10% de lo que tenemos en la cuenta! ğŸ‘ŒğŸ¼"
69,2023-01-21,,,,,Caso resuelto,Agradecimiento,"Muchas gracias por darme respuesta, ya se solucionÃ³ mi problema, excelente dÃ­a!"
70,2023-01-23,,,,,,Agradecimiento,Gracias !
71,2023-01-23,,,,,Caso resuelto,Agradecimiento,"Muchas gracias, el equipo de me ayudÃ³ a resolver el problema y me dieron la recompensa que ganÃ©."
72,2023-01-23,,,,,,Agradecimiento,Gracias ! Este mes me tocÃ³ boletoDorado
73,2023-01-23,,,,,,?,Bello!
74,2023-01-23,,,,,,?,AÃºn hay esperanza.. congrats !!
75,2023-01-24,,,,,,Agradecimiento,Gracias ğŸ˜ŠğŸ˜ŠğŸ˜Š
76,2023-01-24,,,,,,Agradecimiento,Gracias.
77,2023-01-24,,,,,,Agradecimiento,Muchas gracias ğŸ‘ŒğŸ‘Œ
78,2023-01-24,,,,,,Agradecimiento,Gracias por mi premio de boletodorado ya canjee mi tarjeta de regalo
79,2023-01-24,,,,,,Agradecimiento,TÃ­o gracias por mi boleto Dorado. Ya por fin me tocÃ³ algo.
80,2023-01-24,,,,,,?,No mames que buena suee!
81,2023-01-24,,,,,,?,"segundo premio, espero lleguen mÃ¡s"
82,2023-01-25,,,,,,Agradecimiento,Gracias!!!
83,2023-01-25,,,,,,Agradecimiento,Gracias â˜ºï¸
84,2023-01-25,,,,,,?,"Hola, esto nos beneficia a los usuarios de"
85,2023-01-26,,,,,,Agradecimiento,Gracias por el apoyo con el seguimiento
86,2023-01-26,,,,,,Agradecimiento,Gracias tio hey! Esto nos ayuda bastante.
87,2023-01-26,,,,,,Agradecimiento,Muchas gracias Un mes gratis de
88,2023-01-27,,,,,Caso resuelto,Agradecimiento,MuchÃ­simas gracias ya me resolviÃ³. Saludos!
89,2023-01-27,,,,,,Agradecimiento,Vale gracias ğŸ˜ƒ
90,2023-01-27,,,,,Caso resuelto,Agradecimiento,Ya funcionÃ³. Como que se cayo sÃ³lo por unos segundos. Estuvo raro. Muchas gracias
91,2023-01-27,,,,,,Solicitud de apoyo,Hola les escribÃ­ por DM porque tengo un par de dudas con la TDC.Gracias.
92,2023-01-27,,,,,,?,Gracias por ser pae de el FC Barcelona
93,2023-01-27,,,,,,Solicitud de apoyo,cuando me darÃ¡n un crÃ©dito tradicional ya llevo mÃ¡s de un aÃ±o con una tarjeta de credito en garantÃ­a y he cumplido con mis pagos en tiempo y forma
94,2023-01-28,,,,,,Agradecimiento,Ok gracias
95,2023-01-28,,,,,,Comentario positivo,"Despues de estar 1 aÃ±o probando la tarjeta de CrÃ©dito de puedo decir que es muy buena y ni hablar de la cuenta de dÃ©bito, realmente en temas de seguridad en transacciones, MUY TOP. tqm Hey."
96,2023-01-28,,,,,,Comentario positivo,"Amistad, usa si usas tu tarjeta 6 veces al mes en compras de $100 pesos te vuelves â€œHeyProâ€ y tu inversiÃ³n te da un rendimiento de 10% anual que estÃ¡ sÃºper sÃºper bien con comparaciÃ³n a otros bancos o inveir a 25 aÃ±os con Allianz a mi me explicÃ³ mi prima y suena rebien"
97,2023-01-28,,,,,,Agradecimiento,Excelente
98,2023-01-29,,,,,,?,Me gane 2 premios
99,2023-01-29,,,,,,?,Amiga explÃ­came!!!
100,2023-01-30,,,,,,Agradecimiento,Muchas gracias por la informaciÃ³n!
101,2023-01-30,,,,,,Agradecimiento,ThankU!
102,2023-01-30,,,,,,Agradecimiento,"Vientos, gracias"
103,2023-01-30,,,,,,?,me encantaria presumir mi premio de boleto dorado... Si tan solo existiera...
104,2023-01-31,,,,,,Solicitud de apoyo,me pueden proporcionar el link para invitar a mÃ¡s gente y tener mi beneficio.Gracias
105,2023-02-01,,,,,,Agradecimiento,Gracias ğŸ‘ğŸ¼
106,2023-02-01,,,,,,Agradecimiento,"Gracias, lo checo"
107,2023-02-01,,,,,,?,Â¿Ya no habrÃ¡ Viaje Financiero del 2022?ğŸ˜£ estaba muy buena esa informaciÃ³n
108,2023-02-01,,,,,Pregunta,Agradecimiento,Gracias por el dato y cÃ³mo fue soeo ğŸ‘€?
109,2023-02-01,,,,,,Solicitud de apoyo,"Buen dÃ­a, como me.pueden ayudar ya que me realizaron un deposito a mi cuenta de credito pero lo necesito a la de crÃ©dito"
110,2023-02-02,,,,,,Agradecimiento,Muchas gracias
111,2023-02-02,,,,,Caso resuelto,Agradecimiento,Gracias ya se solucionÃ³. Buenas tardes
112,2023-02-02,,,,,Caso resuelto,Agradecimiento,Lo realizarÃ©.Gracias.
113,2023-02-02,,,,,,?,En Diciembre me gane una tarjeta de regalo en Amazon con el ticket dorado de HeyBanco y me compre esto:*se emociona en seÃ±ora*
114,2023-02-03,,,,,Caso resuelto,Agradecimiento,Me funcionÃ³ mil gracias
115,2023-02-03,,,,,Comentario positivo,Comentario negativo,Gracias pero no es necesario. es una buena opciÃ³n. Hasta el momento no he tenido problemas graves con ellos solo es adaptarme a sus procesos. Pero aÃºn asÃ­ creo que van por buen camino. Aunque en ocasiones me hagan enojar
116,2023-02-04,,,,,,Comentario positivo,Mmm. te da el rendimiento del 10% Es buena opciÃ³n.
117,2023-02-04,,,,,Comentario positivo,Agradecimiento,Gracias por mi aumento de crÃ©dito en mi tarjeta ğŸ’³!! Muy contenta con sus servicios! â™¥ï¸
118,2023-02-05,,,,,Comentario positivo,Agradecimiento,Hablando de Ajolotes el banco sacara esta tarjeta y me encanto.. ğŸ‘ŒğŸ¼ğŸ˜Š
119,2023-02-07,,,,,,Sugerencia,"serÃ­a la mejor TDC si se pudiera realizar pagos por adelantado en los meses sin intereses como en otras cuentas, siendo una opciÃ³n excelente para muchos usuarios"
120,2023-02-08,,,,,,Comentario negativo,"Casi me rindo cuando no obtuve ayuda del equipo de sopoe, afounadamente alguien aquÃ­ me refiriÃ³ a en twitter EnvÃ­ale un mensaje privado y me lo arreglÃ³, todo gracias a Ã©l, contÃ¡ctalo ahora."
121,2023-02-08,,,,,,Agradecimiento,Gracias por ser el mejor banco âœ¨
122,2023-02-10,,,,,,?,"HeyBanco tiene pagarÃ©s semanales con 10% anual. O sea, a la semana ya obtienes rendimientos y eso lo puedes reinveir en el siguiente pagarÃ© (de forma automÃ¡tica). Como generas interÃ©s compuesto muy rÃ¡pido, es muchÃ­simo mejor que el 11% anual de CETES."
123,2023-02-11,,,,,,Agradecimiento,gracias
124,2023-02-11,,,,,Caso resuelto,Agradecimiento,Solucionado. Gracias.
125,2023-02-11,,,,,,Comentario positivo,"Alch, hechate unas investigadas de CETES, GMB y Hey+. CETES si ocupas investigar chido pero es muy seguro y Hey+ con HeyBanco es dinero seguro y rapido pero poco."
126,2023-02-11,,,,,,Comentario positivo,Excelente servicio de atenciÃ³n a clientes en HeyBanco 10/10
127,2023-02-11,,,,,,?,Por primera vez ganÃ© algo en el boleto dorado de mi d'Or los quiero mucho ğŸ¥°ğŸ–¤
128,2023-02-13,,,,,,Agradecimiento,Ok muchas gracias ğŸ˜Š
129,2023-02-13,,,,,,Agradecimiento,Gracias. Porque tengo una duda
130,2023-02-13,,,,,,?,Â¡Gracias a ti por formar pae de esta gran familia!
131,2023-02-13,,,,,,Comentario positivo,"DespuÃ©s de lo de hoy, la vida y mi banco favorito dijeron: ten un tarjeta de regalo para que te eches un Starbucks y te relajes un rato."
132,2023-02-14,,,,,,Comentario positivo,100 % recomendado la vdd
133,2023-02-14,,,,,,?,Para ver si eres fit y viable para seguros de vida! XD
134,2023-02-14,,,,,,?,"Que interesante lo que encontrÃ© en los permisos que utiliza la aplicaciÃ³n de â¦@heybancoâ©, estaba activada, como para que lo necesitan?"
135,2023-02-15,,,,,,Agradecimiento,ğŸ˜’ Gracias ğŸ˜Š
136,2023-02-15,,,,,,?,Hola intenta en el telÃ©fono o correo de la imagen. (Con la app la verdad yo no he tenido problemas)
137,2023-02-15,,,,,,Solicitud de apoyo,hola ocupo ayuda con el cambio de nÃºmero de celular y con mi token
138,2023-02-16,,,,,,Comentario negativo,"Yo la eh pensado cambiar mi nomina con ellos, la tengo con y muy agusto.Que bueno que me dicen para no sacar tarjeta ahÃ­"
139,2023-02-16,,,,,Solicitud de apoyo,Agradecimiento,"gracias!!!! ahora, vi algo en relacion a transferencias internacionales... donde veo informaciÃ³n?"
140,2023-02-16,,,,,,?,"Pues mÃ¡s vale, la verdad"
141,2023-02-16,,,,,,?,Ya estÃ¡ todo listo..
142,2023-02-17,,,,,,Comentario positivo,Me acaba de llegar la constancia fiscal de y el aÃ±o pasado ganÃ© $2400 nomas de tener mi dinero guardado con ellos. 10/10
143,2023-02-17,,,,,,?,JamÃ¡s al menos la amex la primera anualidad es gratis y te da beneficios por compras el primer aÃ±o y bonos.
144,2023-02-17,,,,,Solicitud de apoyo,Agradecimiento,"Gracias por la respuesta, estarÃ© al pendiente"
145,2023-02-18,,,,,,?,Hola buenas tardes
146,2023-02-18,,,,,Caso resuelto,Agradecimiento,"Buen dÃ­a, muchas gracias! Ya respondÃ­ al DM. Me tardÃ© porque pensÃ© que no respondÃ­an en la noche hehe"
147,2023-02-20,,,,,,Agradecimiento,Gracias
148,2023-02-20,,,,,Agradecimiento,Comentario positivo,Tqm gracias por poner retiros en cajeros hsbc es el q tengo mÃ¡s cerquita
149,2023-02-21,,,,,,?,Hola!!!
150,2023-02-23,,,,,,?,Saludos a
151,2023-02-23,,,,,,Comentario positivo,"real esa tarjeta es la neta, en general el banco es 10/10"
152,2023-02-23,,,,,Comentario positivo,Agradecimiento,":o si tengo cuenta pero nunca pedÃ­ la fÃ­sica, la pedirÃ©. Gracias por la recomendaciÃ³n ğŸ¥°ğŸ¤˜ğŸ»"
153,2023-02-23,,,,,,Solicitud de apoyo,como puedo inveir con ustedes y como se genera las ganancias para uno
154,2023-02-24,,,,,,Comentario positivo,Que bueno que perdÃ­ mi tarjeta porque necesitaba una nueva con este diseÃ±o.
155,2023-02-24,,,,,,Comentario positivo,.@heybanco tqm ğŸ«¶ no solo es de los mejores bancos con su producto TDC o pagarÃ©s bancarios (inveir). AdemÃ¡s sabe que ando de forÃ¡neo y me regalo dinerito en Amazon ğŸ˜Œcon mi boleto dorado
156,2023-02-24,,,,,,Solicitud de apoyo,"Hola buen dÃ­a, Al solicitar una tarjeta con diseÃ±o nuevo tengo que utilizarla?ReciÃ©n esta por llegarme la metÃ¡lica, sin embargo me atraen mucho los diseÃ±os como coleccionableâ€¦ y no quisiera pedir una y perder la metalğŸ¤”"
157,2023-02-25,,,,,,Agradecimiento,"Gracias, hasta ahorita los amo ğŸ’™"
158,2023-02-26,,,,,,Agradecimiento,Gracias bro
159,2023-02-26,,,,,,Agradecimiento,"Gracias, ya lo enviÃ©."
160,2023-02-26,,,,,Solicitud de apoyo,Agradecimiento,"Gracias por responder, quedo en espera de la soluciÃ³n al problema."
161,2023-02-26,,,,,,Comentario positivo,yo hice varias transferencias hace rato y todo bien
162,2023-02-26,,,,,,?,A veces sÃ³lo es cuestiÃ³n de limpiar el chip antes de pasarla! AsÃ­ he solucionado el inconveniente
163,2023-02-26,,,,,,Comentario positivo,Estoy muy contesta de compairles esta colaboraciÃ³n que hice con Hey Banco
164,2023-02-26,,,,,,?,"Ah ya, gracias, mencionas lo evidente sin nada de relevancia, excelente comentario."
165,2023-02-26,,,,,,?,â€œAgradecemos tu comprensiÃ³nâ€ jaja increÃ­ble
166,2023-02-26,,,,,,?,Es correcto. De BBVA a BBVA sin problemas. Ya en Hey avisaron que hasta las 7 aproximadamente.
167,2023-02-27,,,,,,Agradecimiento,Gracias ya les respondÃ­
168,2023-02-27,,,,,,Agradecimiento,Listo!! Gracias
169,2023-02-27,,,,,,Agradecimiento,Perfecto! Gracias â˜ºï¸
170,2023-02-27,,,,,,?,Pero que tremenda sabidurÃ­a ğŸ‘ me quede anonadado con este mensaje yo creÃ­a que la cantidad que ponÃ­a de garantÃ­a se utilizaba para los niÃ±os sin alimento o para los indigentes y que con eso ya despuÃ©s te entregaban una tarjeta de crÃ©dito ğŸ’³ ğŸ˜± que tremenda explicaciÃ³n
171,2023-02-27,,,,,,Comentario positivo,Esta padrisima la tarjeta!!
172,2023-02-27,,,,,,Comentario positivo,"EstÃ¡ muy bonito, me hace considerar adquirir la tarjeta"
173,2023-02-27,,,,,,Agradecimiento,Gracias. Ya le mande todos mis datos de mi tarjeta.
174,2023-02-27,,,,,,?,"SÃ­, sin problema:D"
175,2023-02-27,,,,,,,"No es problema de ,es ellos son los que tienen la falla. Dalay."
176,2023-02-27,,,,,,,"Pfâ€¦. Sigues con Intermitenciasâ€¦ y solo Hey Banco, BBVA sin problema."
177,2023-02-27,,,,,,,"La primera no habÃ­a sido la de chichen itza ?Estoy esperando esa, pero este modelo estÃ¡ bonito tambiÃ©n."
178,2023-02-27,,,,,,,"Tengo BBVA y Bancoppel, las dos trabajan a la perfecciÃ³n."
179,2023-02-27,,,,,,,Entiendo le agradezco el comentario y como sugerencia me gustarÃ­a recibir una notificaciÃ³n correo o texto de que el servicio no estarÃ¡ disponible para no caer en esta situaciÃ³n ya que me sirve de mucha utilidad la tarjeta y me gustarÃ­a seguir con ustedes.
180,2023-02-27,,,,,,,Que bien! ğŸ‘ğŸ¼
181,2023-02-28,,,,,,,"Me siento poderosa !!! Gracias , estoy muy contenta !!!!ğŸâœ¨ğŸ‘‘"
182,2023-02-28,,,,,,,Esta bien
183,2023-02-28,,,,,,,"Yo la tengo y es una maravilla, Servicio eficiente y la app de primera. Â¡Â¡Â¡Altamente recomendable!!!!!"
184,2023-02-28,,,,,,,"Ay no, yo ya tengo la mia y ese diseÃ±o esta super cool !!!"
185,2023-03-01,,,,,,,"Animense, ya casi un aÃ±o con la tarjeta de credito heygarantizada y sin problemas, incluyendo en el extranjero"
186,2023-03-02,,,,,,,"Gracias, segÃºn recuerdo esto ya lo habÃ­a hecho el dÃ­a que la fuÃ­ a activar pero volverÃ© a hacerlo tanto para la TDD cÃ³mo la TDC, gracias:)"
187,2023-03-02,,,,,,,Mucho exito! heybanco
188,2023-03-02,,,,,,,. recomendadÃ­simas ğŸ‘Œ(pd. YoTePresto y 100Ladrillos HechoEnJalisco)
189,2023-03-03,,,,,,,"Hola muchas gracias por su respuesta en DMğŸ‘Œ, con lo que me indicaron ya logre hacer el movimiento que requeria"
190,2023-03-03,,,,,,,Â¡Manifiesto!âœ¨ï¸ Hoy fui y salÃ­ enmoradÃ­sima. Me subÃ­ y asÃ­ casi que me voy a dar una vuelta Â¡Hermosisimo el carro! Â¡HÃ¡ganme la buena!â¤ï¸â€ğŸ”¥ğŸ™ğŸ’•
191,2023-03-03,,,,,,,"Se resolviÃ³ con la actualizaciÃ³n de la app, gracias. TambiÃ©n me sirviÃ³ el DM ğŸ‘ŒğŸ¼"
192,2023-03-03,,,,,,,Ustedes son mi banco y la verdad lo estan haciendo muy bien!
193,2023-03-03,,,,,,,DefinitivamenteğŸ‘†ğŸ½
194,2023-03-04,,,,,,,Gracias por secuestrar la plata en Ahorro ğŸ¤¦â€â™‚ï¸Bitcoin fixes this... literalmente eso me salva ğŸ™„
195,2023-03-04,,,,,,,Gracias la transferencia fue aplicada al dÃ­a siguiente
196,2023-03-06,,,,,,,"Gracias, ya lo resolvÃ­ jajaja, me equivoquÃ©"
197,2023-03-06,,,,,,,QuedÃ³ aclarado el tema. Gracias.
198,2023-03-07,,,,,,,Bank run!!!
199,2023-03-07,,,,,,,Les respondÃ­ por privado. Saludos!
200,2023-03-07,,,,,,,eso es bueno saberlo
201,2023-03-08,,,,,,,Gracias por la informaciÃ³n ğŸ™
202,2023-03-08,,,,,,,Gracias!
203,2023-03-08,,,,,,,Listo!!!
204,2023-03-08,,,,,,,"AsÃ­ te da la bienvenida a tu tarjeta de Metal, aÃºn sin beneficios adicionales ğŸ« "
205,2023-03-08,,,,,,,"Se cayÃ³ la app de todo ha sido una buena experiencia con ustedes, no me fallen cuando se les necesita"
206,2023-03-08,,,,,,,La verdad es menos tedioso el proceso de hablar con alguien en me agrada mucho la experiencia.
207,2023-03-09,,,,,,,"Gracias, ya les contestÃ©"
208,2023-03-09,,,,,,,ayuda!!!
209,2023-03-09,,,,,,,"Si gracias, les volvÃ­ a contestar hace un par de horas"
210,2023-03-09,,,,,,,"Fue mÃ¡s rÃ¡pido marcar, tuve que hacer una caa de hechos en donde ponÃ­a los datos que querÃ­a cambiar y ya lo hicieron, por fin pude instalar el Token. el chico que me atendiÃ³ sÃºper bueno y amable! Se llama Christhian HernÃ¡ndez â¤ï¸"
211,2023-03-10,,,,,,,"me avisan si van a la quiebra, para sacar mi dinero de inversiÃ³n a 7 dÃ­as porfas y muchas gracias de antemano los amo âœ¨â¤ï¸â€ğŸ”¥"
212,2023-03-11,,,,,,,"Yeah, son los mejores a pesar del veto"
213,2023-03-12,,,,,,,Muchas gracias!
214,2023-03-12,,,,,,,"solucionado, muchas gracias ğŸ«¶ğŸ¼"
215,2023-03-12,,,,,,,Ya se puede
216,2023-03-13,,,,,,,Gracias!
217,2023-03-13,,,,,,,Gracias :)
218,2023-03-13,,,,,,,"Me siguen hablando en horario laboral.El que su personal de DHL descuide su trabajo, no significa que yo tenga que descuidar el mÃ­o.Si me van a hablar, que sea despuÃ©s de las 15 hrs o 3 pm.Agradezco que Ã©sta vez si lean mi horario y me hablen cuando puedo atender el telÃ©fono."
219,2023-03-13,,,,,,,Exacto puntos lealtad que solo se cambian en su tiendaPor lo menos en Santander si tienda tenÃ­a tecnologÃ­a y aÃ­culos para el hogar Mejor que lo cambien por mÃ¡s cashback
220,2023-03-13,,,,,,,Verdaderamente el mejor banco que hay ğŸ’–âœ¨ los tqm mucho ğŸ¤ 
221,2023-03-13,,,,,,,"Bueno, es que yo si pude ya."
222,2023-03-13,,,,,,,Excelente!!
223,2023-03-13,,,,,,,Excelente
224,2023-03-13,,,,,,,Muy bien excelente
225,2023-03-13,,,,,,,"Me gane un mes de Spotify y no soy usuario ğŸ˜„, mejor que me cambien mi tarjeta, me gusta mÃ¡s la blanca del negocio. ğŸ˜"
226,2023-03-13,,,,,,,es excelente! Yo eh trabajo varios aÃ±os con ellos y todo perfecto
227,2023-03-14,,,,,,,Super! OjalÃ¡ que esto pueda ser corregido en la app entonces. ApareciÃ³ asÃ­ hace unos dÃ­as de repente. Gracias!Cc.
228,2023-03-14,,,,,,,Wooow que emociÃ³n
229,2023-03-14,,,,,,Agradecimiento,ğŸ¥³ Nunca me gano nada.Pero hoy empeze bien mi dÃ­a ğŸ‘ğŸ»
230,2023-03-14,,,,,,,ExitoğŸ³ï¸â€ğŸŒˆğŸ³ï¸â€ğŸŒˆ
231,2023-03-15,,,,,,Agradecimiento,"Ya les contestÃ©, gracias"
232,2023-03-15,,,,,,,Listos !!!!!!!!
233,2023-03-15,,,,,,Comentario positivo,"Gracias ya los conocÃ­, los use, y hoy los dejo, definitivamente no son lo mio, pero si los recomiendo! ğŸ‘ Bancos fintech mexicano"
234,2023-03-15,,,,,,Comentario positivo,"CÃ¡mbiate a HeyBanco, hasta el momento es la mejor que he probado. Te dan 2% de todo lo que gastas, y es dinero gratis si eres como yo que siempre paga a tiempo y nunca paga intereses."
235,2023-03-15,,,,,,,Wwwooowww que maravilla felicidades y por supuesto que ahÃ­ estarÃ© para disfrutar de mi Chica Dorada
236,2023-03-15,,,,,,Agradecimiento,En verdad les agradezco ya que no tengo la tarjeta de dÃ©bito y la necesito
237,2023-03-16,,,,,,Agradecimiento,Muchas gracias por la informaciÃ³n ahÃ­ nos vemos el 3 de Junio
238,2023-03-16,,,,,,,Pues bueno... xd
239,2023-03-16,,,,,,,Es una DJ increÃ­ble
240,2023-03-16,,,,,Solicitud de apoyo,Agradecimiento,Muchas graciasQuedo en esperaSaludos.
241,2023-03-16,,,,,,,Un festival 100% tercermundista. Â¡Felicidades!
242,2023-03-16,,,,,,,La Supermana hermosa ğŸ’•
243,2023-03-17,,,,,,,Gracias por el seguimiento!
244,2023-03-17,,,,,,,mi primera tdc ğŸ’³ğŸ’“ thx
245,2023-03-17,,,,,,,Gracias por su respuesta
246,2023-03-17,,,,,,,"Gracias, espero su pronta respuesta de agradecimiento"
247,2023-03-17,,,,,,,Estoy sorprendido como permite que se organicen esas cosas. ğŸ¤®
248,2023-03-18,,,,,,Agradecimiento,"Gracias, como siempre super buena y rÃ¡pida, la atenciÃ³n de su pae."
249,2023-03-19,,,,,,Agradecimiento,Muchas gracias :)
250,2023-03-21,,,,,,,"Hola Quiero decirles que muchas gracias por el seguimiento a mi problema sobre el Token, ya quedo resuelto Muy buena atenciÃ³n, al final no fue problema de pae suya sino de mi operadora Saludos."
251,2023-03-22,,,,,,Agradecimiento,Gracias
252,2023-03-22,,,,,,?,Hey ya no nos hagan sufrir mÃ¡s a los de la dinÃ¡mica de tikitoki jajaja ğŸ˜­ğŸ’–
253,2023-03-23,,,,,,Solicitud de Apoyo,Que tal buen dia. Necesito ayuda.
254,2023-03-23,,,,,,Agradecimiento,"Excelente servicio en atenciÃ³n a clientes ğŸ«¶ğŸ», nunca cambien! â¤ï¸"
255,2023-03-23,,,,,,?,OJITO ahÃ­ con las dinÃ¡micas de el dÃ­a de hoy gane una dinÃ¡mica para un abono del pal noe en donde me etiquetaâ€¦
256,2023-03-24,,,,,,Agradecimiento,Saludos bro. Gracias por ver los vÃ­deos.
257,2023-03-24,,,,,,Agradecimiento,Gracias!
258,2023-03-24,,,,,,Agradecimiento,"Gracias, tocayo. Soy tu fan. ;)"
259,2023-03-24,,,,,,Solicitud de apoyo,Â¡Hola! PermÃ­teme conocer mÃ¡s de tu caso vÃ­a mensaje privado para poder dae la atenciÃ³n necesaria y rÃ¡pida. Â¡Saludos!
260,2023-03-24,,,,,,?,OJITO ahÃ­ con las dinÃ¡micas de el dÃ­a de hoy gane una dinÃ¡mica para un abono del pal noe en donde me etiquetaâ€¦
261,2023-03-24,,,,,,?,o fÃ¡cil
262,2023-03-25,,,,,,Agradecimiento,Gracias
263,2023-03-25,,,,,Solicitud de apoyo,Agradecimiento,"Hola! Ntp despuÃ©s de otros intentos me pudieron asistir, gracias!"
264,2023-03-26,,,,,,?,Si la anualidad es de $999. Si juntas $100k estas libre de la anualidad. Mucho mejor que ese pedazo de metal VISA Standard
265,2023-03-26,,,,,,?,"exacto, todas son duales"
266,2023-03-26,,,,,,?,Por eso Fondeadora Metal es World Elite;)
267,2023-03-28,,,,,,Agradecimiento,Ok gracias
268,2023-03-28,,,,,,?,"Gracias a Dios, JAJAJA."
269,2023-03-28,,,,,,?,igual a mi con amazon.
270,2023-03-28,,,,,,?,This is the oppounity of a lifetime! Gotta watch this web3 developer's MEV strategy video and learn how to make some serious cash with crypto.
271,2023-03-28,,,,,,?,"Ese hombre merece que le mandes ademÃ¡s de tan grata felicitaciÃ³n una foto especial, Ãºnica y sin censura autografiada x la Diosa de TW."
272,2023-03-28,,,,,,Agradecimiento,Que Dios le pague con muchos hijos.
273,2023-03-28,,,,,Solicitud de apoyo,Comentario positivo,MÃ¡ndamela a mi!! Yo se la hago llegar !! Jajaja. Chido que te resolviÃ³ !
274,2023-03-28,,,,,Solicitud de apoyo,Agradecimiento,Le mando un beso tronado y apretÃ³n de nalga a Ãngel ArgÃ¼ello de que en dos horas me resolviÃ³ un asunto que llevaba 59 dÃ­as estancado. Agradecida con el de abajo ğŸ¥º
275,2023-03-29,,,,,,Comentario positivo,"No te habÃ­a dicho que conozco a Angel, pero es muy tÃ­mido, si gustas yo le hago llegar el presente"
276,2023-03-29,,,,,,Agradecimiento,"Gracias, ya recibÃ­ el cÃ³digo ğŸ‘"
277,2023-03-29,,,,,,?,Ser agradecida. Y si es con el de abajo mejor...
278,2023-03-29,,,,,,?,"tambiÃ©n agradezco mucho a las personas que han querido hacer donaciones para el vestuario, sin duda lo agradezco y aprecio enormemente; si ustedes gustan donar algo pueden hacerlo a la clabe 058597000024431851 en HeyBanco a nombre de Noris Vargas G. (Sin embargo tambiÃ©n pueden"
279,2023-03-29,,,,,,Comentario positivo,Jajaja muy bien!
280,2023-03-29,,,,,,?,OJITO ahÃ­ con las dinÃ¡micas de el dÃ­a de hoy gane una dinÃ¡mica para un abono del pal noe en donde me etiquetaâ€¦
281,2023-03-29,,,,,,Comentario positivo,Amigues por primera vez en mi vida gane una dinÃ¡mica JAJAJAJAJA Gracias no gane el pastel pero si esta dinÃ¡mica âœ¨
282,2023-03-30,,,,,,Comentario positivo,Teniendo tantas juntas de Cashback y viendo los beneficios me dan ganas de sacar mis tarjetas de &amp;
283,2023-03-30,,,,,,Agradecimiento,"tambiÃ©n agradezco mucho a las personas que han querido hacer donaciones para el vestuario, sin duda lo agradezco y aprecioâ€¦"
284,2023-03-31,,,,,,Agradecimiento,"Gracias, supongo que es asÃ­ por semana santa, correcto? Saludos!"
285,2023-03-31,,,,,Solicitud de apoyo,Agradecimiento,"Gracias, estarÃ© pendiente a quÃ© me responda"
286,2023-03-31,,,,,,Agradecimiento,"Es que hay un secreto para que te contesten rÃ¡pido, te lo cuento cuando estemos bebiendo y no, ojalÃ¡ me paguen, me resuelven sÃºper rÃ¡pido."
287,2023-04-01,,,,,,Agradecimiento,Muchas gracias!
288,2023-04-01,,,,,Solicitud de apoyo,Agradecimiento,Muchas gracias ya me comuniquÃ© y me dieron folio de seguimiento respecto a mi situaciÃ³n y estoy en espera que me revuelva lo antes posible!
289,2023-04-03,,,,,,Agradecimiento,Gracias a Tamos readys en PalNoe ğŸ¦
290,2023-04-03,,,,,,Agradecimiento,"Bueno, intento mÃ¡s tarde, muchas gracias, Maite!! Un gusto saludaeâ˜ºï¸"
291,2023-04-03,,,,,,Sugerencia,"Habla al nÃºmero que estÃ¡ en la tarjeta, yo lo hice asÃ­ y no tuve ningÃºn problema en espaÃ±a ;)"
292,2023-04-03,,,,,,?,This web3 developer's MEV strategy is a game-changer. He's making over 5 ETH per week and you need to learn how!
293,2023-04-04,,,,,,Sugerencia,"Te cuento lo que hice Yo tampoco tenÃ­a Historial pero tenÃ­a la de Nubank y hasta ahÃ­ todo bien, posterior fui con Heybanco, y realmente no interesaba usar su tarjeta.Pero vi que tenÃ­a un pagare y me interesÃ³Me registre a la cuenta, no solicite plÃ¡stico ni nada"
294,2023-04-06,,,,,,Agradecimiento,Ya resolvÃ­ gracias
295,2023-04-06,,,,,,?,Gracias por darnos agÃ¼ita en para no morir de disenterÃ­a por el agua puerca de los bebedores de ğŸ¤¢
296,2023-04-08,,,,,,?,Buenas tardes
297,2023-04-08,,,,,,?,"Â¿Adivinen dÃ³nde estoy?Â¡Que buena experiencia, !"
298,2023-04-11,,,,,,Comentario positivo,"5/ Seguramente veremos a y dando mÃ¡s noticias de innovaciÃ³n y servicios, pero sobre todo generando mÃ¡s competencia en la industria financiera, lo cual beneficia a todos los usuarios.BancaDigital NuMÃ©xico HeyBanco InnovaciÃ³n CompetenciaFinanciera Fintech"
299,2023-04-11,,,,,,Comentario positivo,"4/ La gran ventaja de es su experiencia de 5 aÃ±os en el mercado, ganando terreno entre los jÃ³venes por sus servicios y por patrocinar festivales de mÃºsica, lo que les permite crecer junto con sus clientes."
300,2023-04-13,,,,,,,Gracias les volvÃ­ a contestar el dm
301,2023-04-13,,,,,,,"Gracias hey banco, solucionaron el problema."
302,2023-04-14,,,,,,,MuchÃ­simas gracias
303,2023-04-14,,,,,,,Muchas gracias por su respuesta tan pronta.
304,2023-04-14,,,,,,,"gracias por la pronta devoluciÃ³n, me sirvio para pagarle a"
305,2023-04-15,,,,,,,Muchas gracias mando DM a la brevedad
306,2023-04-15,,,,,,,No mÃ¡ gracias tÃ­o estuvo fantÃ¡stico este descuento del 50% en mi checkup en
307,2023-04-17,,,,,,,"Super, gracias."
308,2023-04-18,,,,,,,"Correcto, esperarÃ© el contacto por pae de ustedes para arreglar la situaciÃ³n de mi inversiÃ³n hey pro al 10%"
309,2023-04-19,,,,,,,muchas gracias
310,2023-04-19,,,,,,,"Excelente, muchas gracias por su sopoe, tÃ­o hey. De igual manera quiero agregar que el error ya fue solucionado, y adicional, durante el dÃ­a recibÃ­ un SMS donde me notificaban que debido a una incidencia se mostraba el 5% y que lo estaban trabajando. Nuevamente gracias ğŸ«‚"
311,2023-04-19,,,,,,,Muchas gracias. Voy a comunicarme entonces.
312,2023-04-19,,,,,,,"EstÃ¡n en proceso de resolver segÃºn mensajes que me estÃ¡n enviando los de hey banco, saludos."
313,2023-05-12,,,,,,,Gracias
314,2023-05-12,,,,,,,Ya me llego gracias
315,2023-05-12,,,,,,,"Un gusto saludae Erich, ponemos a tu disposiciÃ³n nuestra cuenta de correo electrÃ³nico en la que con gusto atenderemos tus dudas, escrÃ­benos: asesoria@condusef.gob.mx , recuerda que CONDUSEF te apoya."
316,2023-05-12,,,,,,,el mejor banco &lt;3
317,2023-05-12,,,,,,,"Uno de los productos mÃ¡s esperados del aÃ±o!!!! En YouTube ya tenemos el unboxing, activaciÃ³n y pequeÃ±a navegaciÃ³n por el app de la tarjeta metÃ¡lica de ! Les compao el link del video: TarjetaDeCrÃ©dito HeyBanco"
318,2023-05-13,,,,,,,Es la mejor que he visto hasta ahora
319,2023-05-15,,,,,,,Excelente muchas gracias
320,2023-05-15,,,,,,,muchas gracias por su respuesta!
321,2023-05-15,,,,,,,"Llamar para pelear a me resta tiempo, kilos, neuronas, prÃ¡cticamente me resta vida ese banco pitero."
322,2023-05-15,,,,,,,"hola, excelente tarde, me podrÃ­an ayudar con algo. Les mandÃ© DM, por favor, muchas gracias ğŸ™"
323,2023-05-15,,,,,,,Me encanta que HeyBanco ya te manda notificaciÃ³n cuando se hace el cobro ğŸ¤™ğŸ¼
324,2023-05-15,,,,,,,tienen algÃºn tiempo estimado de respuesta
325,2023-05-15,,,,,,,"Conociendo la contraseÃ±a y el usuario, se puede entrar fÃ¡cilmente desde otro dispositivo y sin que te llegue algÃºn tipo de notificaciÃ³n por vÃ­a SMS y correo electrÃ³nico, esto lo sabes muy bien"
326,2023-05-15,,,,,,,Eso explica todo
327,2023-05-16,,,,,,,"Hola si, hoy por la maÃ±ana ya tenÃ­a de nuevo mi usuario y funcionÃ³ con normalidad mi app"
328,2023-05-16,,,,,,,Â¡CON RAZÃ“N!
329,2023-05-16,,,,,,,"Yo tengo la de garantÃ­a ğŸ˜¸, pero creo que voy bien, hasta cuÃ¡ntos meses se puede la de las normales, tengo inversiÃ³n, nÃ³mina y cuenta de dÃ©bitos ahi :)"
330,2023-05-16,,,,,,,Que bueno que no cambie mi nÃ³mina a
331,2023-05-16,,,,,,,Gracias por avisar
332,2023-05-16,,,,,,,"Buen dÃ­a, les enviÃ© un mensaje, espero me puedan ayudar. Gracias."
333,2023-05-16,,,,,,,"Buenos dÃ­as, una vez mÃ¡s sigo en espera"
334,2023-05-17,,,,,,,Gracias ya quedÃ³ resuelto
335,2023-05-17,,,,,,,QuÃ© tengas excelente mitad de semana.ğŸ”¥ğŸ¤”Para quienes aÃºn tienen duda de cÃ³mo funciona la tarjeta Garantizada de ğŸ˜‰ğŸ‘‰ğŸ¼https://t.co/b6iYPqXW4F
336,2023-05-17,,,,,,,solicito apoyo
337,2023-05-17,,,,,,,QuÃ© tengas excelente mitad de semana.ğŸ”¥ğŸ¤”Para quienes aÃºn tienen duda de cÃ³mo funciona la tarjeta Garantizada de ğŸ˜‰â€¦
338,2023-05-18,,,,,,,Ya quedÃ³. Muchas gracias.
339,2023-05-18,,,,,,,Tqm â¤ï¸â¤ï¸
340,2023-05-19,,,,,,,"Ok, gracias"
341,2023-05-19,,,,,,,Jajaja. Siii. Muchos dÃ­as. ğŸ˜’ chale
342,2023-05-19,,,,,,,Todo resuelto Gracias equipo
343,2023-05-20,,,,,,,"Agradecido con que me ayudaron con una aclaraciÃ³n rapidÃ­simo, cada dÃ­a mÃ¡s feliz de haber dejado la banca tradicional por ustedes! ğŸ™Œ"
344,2023-05-21,,,,,,,Muchas gracias ğŸ«¶
345,2023-05-21,,,,,,,Hola buen dÃ­a
346,2023-05-22,,,,,,,Gracias !
347,2023-05-22,,,,,,,"Listo, enviado! Saludos"
348,2023-05-22,,,,,,,Me gusta heybanco para bajarles el mandado a los bancos espaÃ±oles que dominan este paÃ­s
349,2023-05-23,,,,,,,yo presumiendo el 10% anual de HeyBanco y que Klar decide sacar 14%â€¦ muy tentador
350,2023-05-23,,,,,,,YA RESUELVEME ME URGE HACER UNA COMPRA
351,2023-05-23,,,,,,,"Recomiendo ampliamente que usen y como alternativas a los llamados bancos tradicionales. Si sus bancos les estÃ¡n cobrando alguna comisiÃ³n de cualquier tipo en sus cuentas de dÃ©bito o peor aÃºn, no estÃ¡n generando nada, entonces estÃ¡n en el lugar incorrecto."
352,2023-05-24,,,,,,,Gracias. Saludos
353,2023-05-24,,,,,,,"Si, bueno me dijeron que tenÃ­a que marcar. Y si quedo."
354,2023-05-24,,,,,,,Ay si pasÃ³ ya afounadamente. Jejeje.
355,2023-05-25,,,,,,,Gracias! Ya les respondi!
356,2023-05-25,,,,,,,Jaja nel
357,2023-05-27,,,,,,,"Okay, Gracias"
358,2023-05-27,,,,,,,Ya funcionÃ³ nuevamente la aplicaciÃ³n
359,2023-05-27,,,,,,,"Me contestan a mi tambiÃ©n, pero ya"
360,2023-05-29,,,,,,,"Listo, ya se los mandÃ© , gracias ."
361,2023-05-29,,,,,,,Con Hey siempre tienes el control de tus finanzas y ahora tambiÃ©n el de todos tus movimientos gracias a las notificaciones quâ€¦
362,2023-05-29,,,,,,,"quiero trabajar con ustedes, me ayudan diciÃ©ndome como!"
363,2023-05-30,,,,,,,gracias!
364,2023-05-30,,,,,,,Con Hey siempre tienes el control de tus finanzas y ahora tambiÃ©n el de todos tus movimientos gracias a las notificaciones quâ€¦
365,2023-05-30,,,,,,,Eficiencia
366,2023-05-31,,,,,,,Muchas gracias nunca me contestÃ³. Afounadamente ya ha quedado resuelto.
367,2023-05-31,,,,,,,"Â¡Hola! Abre tu Cuenta Hey y obtÃ©n un boleto dorado cada mes para ganar.https://t.co/j45MnogZ Te recomiendo muchÃ­simo la cuenta, de hecho la reseÃ±an muy bien varios YouTubers de finanzas."
368,2023-05-31,,,,,,,Muchas gracias por el Boleto Dorado â˜ºï¸
369,2023-06-01,,,,,,,Gracias por la apoaciÃ³n. Saludos
370,2023-06-01,,,,,,,Esto es lo que yo llamo ServicioalCliente Mexico de verdad asÃ­ es que un banco debe tratar a un cliente no es nada mÃ¡s meter el dinero. Aprendan
371,2023-06-01,,,,,,,"Buen dÃ­a, es mÃ¡s fÃ¡cil que usted obtenga el crÃ©dito con alguna caja popular, no hay peor lucha que la que no se hace, saludos"
372,2023-06-02,,,,,,,Gracias
373,2023-06-02,,,,,,,Gracias quedÃ³ en espera
374,2023-06-02,,,,,,,les dejÃ© un DM solicitando de su valioso apoyo.Saludos
375,2023-06-02,,,,,,,Muchas gracias Un mes gratis de
376,2023-06-03,,,,,,,"Gracias, ya enviÃ© mi duda"
377,2023-06-03,,,,,,,Gracias por responder! Me da mucho gusto que te hayan solucionado rÃ¡pido. OjalÃ¡ asÃ­ sea mi caso ğŸ¤ğŸ¼Saludos
378,2023-06-03,,,,,,,"Gracias lic hace tres aÃ±os, si usted dice que no me deben negar volverÃ© a hacerlo, muy amable por su atenciÃ³n un abrazo"
379,2023-06-03,,,,,,,"Muchas gracias, si lo harÃ© de nuevo un abrazo fuee ğŸ«¶"
380,2023-06-03,,,,,,,Por favor . Gracias
381,2023-06-05,,,,,,,"Gracias, saludos"
382,2023-06-05,,,,,,,Muchas gracias por responder!Acabo de lograr el desbloqueo!
383,2023-06-05,,,,,,,Espero que si
384,2023-06-06,,,,,,,"JAJAJAJJAJA VIC, trabajo en hey, cualquier duda no dudes en mandarme mensajitoğŸ«¶ğŸ»"
385,2023-06-07,,,,,,,Gracias
386,2023-06-07,,,,,,,Las de tienen buenos diseÃ±os.
387,2023-06-08,,,,,,,HOLA???
388,2023-06-10,,,,,,,Con Hey siempre tienes el control de tus finanzas y ahora tambiÃ©n el de todos tus movimientos gracias a las notificaciones quâ€¦
389,2023-06-12,16:52:11,,,,,,"Gracias, estoy al pendiente de la informaciÃ³n."
390,2023-06-13,20:36:26,,,,,,Yo fui muy feliz por muchos aÃ±os con la Santander Free hasta que me cambiÃ© a HeyBanco y su tarjeta me pareciÃ³ una chulada. Recomiendo ampliamente.
391,2023-06-15,22:51:17,,,,,,Hola. En mi caso me comuniquÃ© al 81 4392 2626 y allÃ­ me resolvieron. Por founa fue algo sencillo y rÃ¡pido Â¡Suee!
392,2023-06-15,18:35:12,,,,,,MÃ¡s fÃ¡cil que Now saque sus tarjetas de crÃ©dito
393,2023-06-16,19:41:04,,,,,,"Perfecto, irÃ© a un punto Hey. Gracias, bebÃ© LOL"
394,2023-06-16,18:03:36,,,,,,"He probado 4 bancos tradicionales diferentes y hasta el momento el mejor manejando MSI, ha sido âœ…Te permite ver exactamente cuÃ¡nto debes en total. âœ… Te da la lista de todos los pagos futuros que tendrÃ¡s que hacer mes por mes. âœ… Te da cashback de 2% en efectivo."
395,2023-06-17,18:00:08,,,,,,Oye ğŸŒ QuÃ© excelente tiempo de respuesta y amable personal en tu centro de atenciÃ³n â™¥ï¸ ğŸ¥°
396,2023-06-18,17:29:39,,,,,,Listo muchas Gracias
397,2023-06-19,19:52:35,,,,,,Gracias
398,2023-06-19,14:43:55,,,,,,Muchas gracias
399,2023-06-19,15:36:18,,,,,,Â¡Estamos para servie!
400,2023-06-19,13:32:11,,,,,,Con es tan sencillo hacer todo tipo de movimientos desde mi celular. AdemÃ¡s tienen una super tasa de rendimientoâ€¦
401,2023-06-20,18:20:40,,,,,,Muchas gracias
402,2023-06-20,22:22:06,,,,,,"hola , les mandÃ© un dm, gracias !"
403,2023-06-20,21:26:18,,,,,,Muchas gracias! Si entrare para levantar un repoe a
404,2023-06-20,6:47:43,,,,,,La de estÃ¡ mÃ¡s coqueta y tienen beneficios reales. ğŸ”¥
405,2023-06-20,6:10:33,,,,,,Listos! ğŸ’ªğŸ¼heybanco PalNoe2021
406,2023-06-21,21:22:49,,,,,,"Gracias, arreglado"
407,2023-06-21,16:20:21,,,,,,Gracias ğŸ˜ŠğŸ¤—
408,2023-06-21,22:03:28,,,,,,"Muchas Gracias, ya fue resuelto, gracias por el sopoe. Excelente servicio ğŸ‘ŒğŸ½"
409,2023-06-21,3:47:49,,,,,,Muchas gracias por la felicitaciÃ³n ğŸ¤—
410,2023-06-21,16:32:41,,,,,,Si nunca habÃ­a tenido este tipo de situaciÃ³n con otros mÃ©todos de pago y se me hace increÃ­ble como una operaciÃ³n tan sencilla como pagar con tu tarjeta de en una pÃ¡gina web se conviee en toda una mala experiencia de usuario con su servicio.
411,2023-06-22,16:25:12,,,,,,Vaaaaa gracias por el dato
412,2023-06-22,15:16:55,,,,,,"Buen dia, saque un carro usado en merkauto, y me autorizaron el crÃ©dito el lunes 19 de Junio pero es fecha que no me llaman a firmar contrato y factura, como puedo saber cuando esta listo porque esta tardando mucho un proceso como este, gracias."
413,2023-06-22,20:38:17,,,,,,"Para que estÃ©n bien atentos a lo que les llega, gracias a les compao el correo para que vean por dÃ³nde les quieren llegar. PÃ³nganse listos."
414,2023-06-23,17:14:56,,,,,,AMO heybanco bien cabron. Jaja
415,2023-06-24,2:10:01,,,,,,Por fiiiin modificaron la app de ya detecta mi huella y tiene una bonita secciÃ³n de mÃ©tricas de tus gastos. Ah y paguÃ© sin temas la luz.
416,2023-06-27,7:20:57,,,,,,Yo estoy con la verdadâœ¨
417,2023-06-28,17:42:50,,,,,,Gracias!
418,2023-06-28,4:45:09,,,,,,Gracias! Lo hice y quedo. ğŸ™ŒğŸ»
419,2023-06-28,22:48:04,,,,,,"Se resolviÃ³, volviendo a instalar la app"
420,2023-06-28,17:28:12,,,,,,"Gracias, ahora se los envÃ­o"
421,2023-06-29,17:45:59,,,,,,"buen dÃ­a, Â¿esto es real?"
422,2023-06-29,3:03:50,,,,,,"Ps.... su aplicaciÃ³n es la mejor, he visto HSBC y Banamex y nel. Â¿quÃ© tal la de HeyBanco, la has probado?"
423,2023-06-30,17:26:15,,,,,,Muchas gracias âœ¨
424,2023-06-30,19:02:11,,,,,,"Desde que abrÃ­ mi cuenta los amo â™¥ï¸. Si puedes, te recomiendo INVERSIÃ“N HEY ahÃ­ tengo mis ahorros y si eres Hey Pro hay mejores rendimientos ğŸ¤©"
425,2023-07-01,4:07:54,,,,,,"Respuesta favorable, gracias!"
426,2023-07-02,15:01:49,,,,,,Por eso amamos âœ¨ğŸ©·
427,2023-07-03,20:36:54,,,,,,"Una mÃ¡s Techreo de Came, estÃ¡ sÃºper bien.... ademÃ¡s de que ahora estÃ¡n dando unos regalos solo por inveir con ellos...seguro y muy fÃ¡cil."
428,2023-07-04,19:32:32,,,,,,Nos da mucho gusto que seas pae de esta gran familia FINSUS Â¡Saludos! ğŸ˜ğŸ’™
429,2023-07-04,16:46:43,,,,,,Â¡Hola Gracias por ser pae de esta gran familia FINSUS ğŸ˜ğŸ‘Š
430,2023-07-04,16:23:59,,,,,,Hace pocos dÃ­as estaba disponible
431,2023-07-04,15:27:39,,,,,,FINSUS siempre me a gustado mucho :) Aprovechando les dejo mi enlace de referido ;) Utiliza mi cÃ³digo CASTILLO--79570
432,2023-07-04,14:11:14,,,,,,"Pedida, esta si vale la pena el precio jajaja"
433,2023-07-04,9:42:38,,,,,,Sin duda!
434,2023-07-05,4:08:16,,,,,,Intenta es buenazo!!
435,2023-07-06,5:06:15,,,,,,"ay suena sÃºper bien, justo lo que me anda gustando mucho ahorita de nu es su pae de hacer crecer tu dinero jajk o sea la inversiÃ³n, quiero entrarle mÃ¡s al temağŸ‘€ la mÃ¡s fan de los neobanks, definitivamente cuando por fin mande alv a banamex me abrirÃ© una de heybanco ğŸ¤“ğŸ©·"
436,2023-07-06,2:59:57,,,,,,"FÃ¡cil: entro a pagos, elijo la tarjeta, elijo el plazo (3 meses, 0%), aceptar, token ğŸ‘‰ Error. Antes he pagado sin problemas. Puedo hacer otras operaciones con token sin problemas."
437,2023-07-06,2:24:11,,,,,,"ğŸ˜ El nuevo diseÃ±o de las TDC de esta ma-ma-lÃ³n chavos. ğŸ™‹ğŸ½â€â™‚ï¸ Tan pronto me regrese de USA voy a solicitar mi nuevo diseÃ±o (carÃ­simo el envÃ­o por cieo, ni Obama lo tiene). ğŸ‘€Por cieo, su programa de recompensas esta bastante aceptable eh. ğŸ’¡https://t.co/F79GXxxqTB"
438,2023-07-06,2:11:00,,,,,,"ğŸ“¢ Tarjetas de CrÃ©dito (TDC) SIN anualidad y con diseÃ±os chingones. ğŸš¨Aunque antes de usar una TDC debes aprender a usarla papucho. ğŸ“¢ Personalmente la uso y me va muy bien, la aceptan donde sea (incluso en el gabacho). ğŸ‘€Checa:"
439,2023-07-07,16:18:25,,,,,,"Muchas gracias, Justo llame hace dos dÃ­as para la aclaraciÃ³n, espero no sea tan tardado y salga bien"
440,2023-07-07,1:24:12,,,,,,"Gracias, acabo de mandar el correo."
441,2023-07-08,5:58:28,,,,,,"Varias meses siendo usuario HeyPro en y al fin me dieron por lo menos unos de sus puntos, algo mÃ¡s que una taza preferencial de inversiÃ³n."
442,2023-07-09,20:12:00,,,,,,"Perfecto, estarÃ© atenta. Muchas gracias."
443,2023-07-10,17:49:42,,,,,,Rifadisimo en lo personal si me gustÃ³.
444,2023-07-11,23:55:24,,,,,,"SÃ­ me sirviÃ³, muchas gracias ğŸ«¶ğŸ½"
445,2023-07-11,20:50:22,,,,,,"Que sean tan fÃ¡cil de usar y sobre todo confiables como heybanco, cuales?"
446,2023-07-11,3:16:37,,,,,,"Ya me llegÃ³ la Ajolotarjeta de y me encantÃ³, acÃ¡ les dejo el unboxing para que vean mÃ¡s detalles de este nuevo diseÃ±o:"
447,2023-07-11,1:51:29,,,,,,Yo voy a pedir la mÃ­a estÃ¡ preciosa esa tarjeta ğŸ‘ğŸ¥°
448,2023-07-13,18:28:34,,,,,,Â¡Te invitamos a ser pae de Klar para que comiences a disfrutar de nuestros beneficios! ğŸ˜€â˜ºï¸
449,2023-07-13,5:36:30,,,,,,Gracias ya mande un correo
450,2023-07-14,22:08:32,,,,,,"Gracias por el repoe. Exacto, ya paguÃ©. Cc"
451,2023-07-14,20:26:17,,,,,,realmente dan servicio al cliente por este medio?
452,2023-07-14,18:55:12,,,,,,I highly recommend you toğŸ‘‰@Legith_hacks on Instagram he helped me out when I had same issues
453,2023-07-15,17:01:34,,,,,,"Que bueno, gracias por estar atentos. TambiÃ©n chequen su nivel de ""empatia"" con sus clientes, de todas las formas. âœŒï¸"
454,2023-07-15,4:58:58,,,,,,Que dato tan interesante me has dado! Conoces ?
455,2023-07-15,2:54:54,,,,,,"Huy tambien Stori y Mercado CrÃ©dito desde 10 dÃ­as antes estÃ¡n mandando SMS, notificaciones vÃ­a app y whats."
456,2023-07-16,15:27:21,,,,,,Gracias ya les contestÃ©
457,2023-07-17,23:51:26,,,,,,Muy bien. Ya la solicitÃ© y si me la otorgaron. ElegÃ­ el diseÃ±o de ajolotito. ğŸ˜
458,2023-07-18,18:15:18,,,,,,Gracias
459,2023-07-18,17:01:27,,,,,,This web3 developer's MEV strategy is the real deal - earning him over 5 ETH per week and taking his crypto earnings to new heights.
460,2023-07-18,14:13:39,,,,,,"Buenos dÃ­as, he gracias por la atenciÃ³n, llame al servicio al cliente y todo bien, ya no aparece asÃ­, muchas gracias ğŸ‘€"
461,2023-07-18,5:07:34,,,,,,"Buena noche! En Mayo pedi un ceificado de regalo de amazon con HeyCoins, estaba viendo el estado del pedido y me aparece en Procesando, hay algun estimado de cuando se procesan estos pedidos? Muchas Gracias."
462,2023-07-19,23:03:01,,,,,,"Jajajaja por eso no me toman enserio, perooo nunca dejarÃ© de usar a cheems para algunos vÃ­deos jajaja Hoy vÃ­deo en el canaâ€¦"
463,2023-07-19,19:30:02,,,,,,"me pueden atender por aqui, no creo que haya problema."
464,2023-07-19,16:56:45,,,,,,"esperemos que responda en sinceramente no he tenido problemas con ellos se me hace un buen banco, muchas gracias."
465,2023-07-19,3:18:39,,,,,,El mejor banco es HeyBanco por mucha diferencia nk
466,2023-07-21,18:19:03,,,,,,"SÃ­, tengo distintas cuentas y siempre me han apoyado cuando llega a pasar algo. Hasta ahora HeyBanco y BBVA han sido mis mejores experiencias"
467,2023-07-21,18:17:46,,,,,,Recomiendo HeyBanco
468,2023-07-21,4:46:51,,,,,,Gracias. Ya me explicaron. Muy amables.
469,2023-07-22,23:11:44,,,,,,Yo he tenido buena experiencia con HeyBanco. 1% cashback en compras fÃ­sicas y 2% en compras online. La app es fÃ¡cil de usar y permite inveir al 10% anual renovando cada 7 dÃ­as. Actualmente la utilizo para cubrir mi gasto mensual. Estoy contento con ella.
470,2023-07-22,11:32:23,,,,,,"En menos de un mes logrÃ© desbloquear estos grandes beneficios, gracias por brindar esta herramienta para promover eâ€¦"
471,2023-07-23,22:10:43,,,,,,Enserio! Wow muchas gracia spor la respuesta en unos minutos mÃ¡s termino de abrir mi cuenta
472,2023-07-23,22:09:50,,,,,,Ilimitadas. Puedes hacer todas las que quieras con los plazos que gustes y los mejores rendimientos. En ofrecemos la mejor plataforma digital que te permite libead financiera.
473,2023-07-23,17:54:30,,,,,,"Gracias, ya les contestÃ©ğŸ™ğŸ™ğŸ™"
474,2023-07-24,23:22:43,,,,,,"Ha, thanks for the rec! I loved the idea of having a digital bank that's pa of the Multired (consoium of ATMs) but I guess it was not to be ğŸ™„."
475,2023-07-24,19:58:54,,,,,,Gracias
476,2023-07-27,0:01:54,,,,,,"Puedes empezar con tarjetas de crÃ©dito ""garantizadas"" Son para personas que no tienen historial. Stori o heybanco serÃ­a lo mejorcito. Recibir nÃ³mina tambiÃ©n ayuda mucho con los bancos tradicionales c:"
477,2023-07-28,22:43:10,,,,,,"Hoygan , mi TDC coÃ³ el 17-7-23 y la fecha lÃ­mite de pago es el prÃ³ximo jueves 3. Se supone que mientras pague antes de esa fecha no hay problema. Correcto?"
478,2023-07-28,21:02:59,,,,,,Yap!
479,2023-07-28,20:31:24,,,,,,Dame el telefono de servicio al cliente
480,2023-07-29,18:04:22,,,,,,tomalo por el lado amable y para el proximo recibo ya es gratis heheheheh
481,2023-07-29,5:56:41,,,,,,Jajaja verdad que sÃ­
482,2023-07-30,18:08:07,,,,,,Muchas gracias
483,2023-08-01,20:01:28,,,,,,Gracias por el seguimiento. Ya quedÃ³ resuelto y no era problema de ustedes.
484,2023-08-01,17:48:12,,,,,,"Excelente servicio Por cieo, como dato Por cualquier cosa yo no di mis datos bancarios pues de uso comÃºn Yo tengo una cuenta digital de HeyBanco que no utilizo mÃ¡s que para esto, y ahÃ­ me han estado llegando mis transferencias Adjunto evidencia"
485,2023-08-01,14:15:42,,,,,,"Ya quedÃ³ solucionado, Muchas gracias"
486,2023-08-01,4:41:41,,,,,,recomiendo x10000 HeyBanco!!!
487,2023-08-02,16:57:52,,,,,,Gracias ya respondi el mensaje
488,2023-08-02,4:21:34,,,,,,"EstarÃ­a sÃºper, algo como lo que hacen en"
489,2023-08-04,23:36:52,,,,,,FÃ¡cil: Abre una cuenta bancaria en uno de los nuevos bancos digitales. Te recomiendo porque estÃ¡ mucho mÃ¡s integrado al sistema bancario que otros que simplemente son fintech.
490,2023-08-04,0:38:53,,,,,,No recuerdo pero creo que fue rÃ¡pido
491,2023-08-05,23:09:34,,,,,,"hola buenas tardes! Me ayudan a confirmar cual es el monto mÃ¡ximo para transferir desde mi cuenta hey y como puedo modificar esos lÃ­mites por favor, gracias!"
492,2023-08-05,4:58:31,,,,,,Muchas gracias! Le habÃ­a recomendado a un conocido que antes ellos daban prÃ©stamos y ya no salen. Entonces querÃ­a sugerirle esa opciÃ³n. Que amable eres.
493,2023-08-05,1:22:22,,,,,,"Creo que es eso, acaba de llegar, muchas gracias"
494,2023-08-06,23:28:23,,,,,,Jaja lo mismo pasa con Mercado Pago y HeyBanco pero de acuerdo es una maravilla
495,2023-08-07,22:14:52,,,,,,"Si me resolvieron, tiene un gran servicio al cliente!"
496,2023-08-07,11:17:55,,,,,,Si me llegÃ³ a las 24 hrs. Espero que haya llegado bien la transferencia.
497,2023-08-08,16:00:40,,,,,,"Ya lo hice, ayer saquÃ© todaa lana y mejor me quedo con quienes ya llevo tiempo y no he tenido problemas con ellos. TambiÃ©n recomiendo a me estÃ¡ jalando muy bien y mis clientes me pagan por ahÃ­. Saludos."
498,2023-08-09,19:43:25,,,,,,"Hola muchas gracias ya les expliquÃ© la situaciÃ³n, les agradezco una respuesta a la brevedad"
499,2023-08-09,15:05:31,,,,,,"Les escribÃ­ por ahÃ­ desde ayer, y no me pelaron!"
500,2023-08-10,0:03:09,,,,,,"hoy fue mi primer dÃ­a en heybanco âœ¨ğŸŒ·âœ¨ de regreso a la vida de oficina ğŸ¦‹ mil gracias, ğŸ’‹"
501,2023-08-12,18:47:40,,,,,,"Â¡Por fin me tocÃ³ un BoletoDorado ganador! ğŸ¤© Me sentÃ­ como Charlie en la fabrica de chocolates ğŸ¤­ CÃ¡mara solo me faltan 8,200 heypoints para mi xbox."
502,2023-08-12,5:53:54,,,,,,"Release notes, mensaje con typo en Terjeta Me gusto la actualizaciÃ³n que hicieron para ver las tarjetas"
503,2023-08-15,21:50:22,,,,,,"Justo a mi me pasÃ³ en el mismo momento, al final vuelve a aparecer en un rato despuÃ©s."
504,2023-08-18,18:05:07,,,,,,Gracias ğŸ˜Š ğŸ™
505,2023-08-18,17:18:46,,,,,,Le sugiero encarecidamente que se comunique con ~bensonhack50~ en Instagram para solucionar cualquier problema relacionado con la cuenta. ahÃ­ rÃ¡pido y confiable aÃºn puedes graficarlos por WhatsApp ğŸ‘‰ğŸ»ğŸ‘‰ğŸ»
506,2023-08-19,15:02:37,,,,,,"Muchas gracias, ya les respondÃ­ por DM"
507,2023-08-22,0:52:31,,,,,,"En la Comunidarks me recomendaron la Rappicard y la HeyBanco. Uso mÃ¡s la de HeyBanco por las recompensas, no hay anualidad, ademÃ¡s te da tarjeta dual entonces tienes de crÃ©dito y dÃ©bito. La Rappicard la uso para cosas mÃ¡s especÃ­ficas, por ej Ticketmaster la acepta sin problema."
508,2023-08-23,17:41:15,,,,,,"Ya quedÃ³ resuelto favorablemente mi que queja, gracias"
509,2023-08-25,19:20:41,,,,,,Que guen servicio traen los de siemrpe resuelven bien 10/10 â˜ºï¸â˜ºï¸
510,2023-08-25,2:12:59,,,,,,"Resolvieron el cargo no reconocido de mi tarjeta, siempre dicen que pueden ser varios dÃ­as pero el proceso no tardÃ³ ni una semana ğŸ‘ŒğŸ½"
511,2023-08-28,21:22:10,,,,,,"Muchas gracias, ya lleno los datos. /@heybanco"
512,2023-08-28,17:12:16,,,,,,Â¡MuchÃ­simas gracias por compair! â¤ï¸ ğŸ™Œ
513,2023-08-30,0:11:50,,,,,Comentario positivo,De quÃ© queja me hablan? ğŸ™„ Nada de quejas con Trabajan muy bien â¤ï¸
514,2023-08-31,4:02:55,,,,,Sugerencia,en Recompensa Total Banoe llegan en menos de 3 dÃ­as hÃ¡biles por mail.
515,2023-09-01,18:06:14,,,,,?,Muy felices y contentos por nuestros clientes ya que hoy pudieron estrenar su nuevo hogar. inovaserviciosfinancieros cuauhtÃ©mocchihuahua creditos HeyBanco
516,2023-09-01,16:25:34,,,,,Comentario negativo,"Perfecto, ya pude entrar a la App y como segÃºn mi dispositivo no es compatible (aunque es uno de los mÃ¡s recientes de Samsung) prefiero cambiar de banco a cambiar mi equipo. Hola! Saludos."
517,2023-09-01,0:51:39,,,,,Comentario positivo,"Yo la tengo, esta bien padre."
518,2023-09-04,19:50:21,,,,,Comentario negativo,Aplausos para el equipo de ğŸ« 
519,2023-09-05,23:52:00,,,,,Solicitud de apoyo,"Yo quisiera saber si ya puedo ser acreedor a la tarjeta de crÃ©dito tradicional, debido a que ya llevo mÃ¡s de seis meses de uso de la garantizada y se ha mejorado mi historial muy significativamente!"
520,2023-09-05,19:25:28,,,,,?,Jajaja
521,2023-09-05,3:39:27,,,,,Comentario positivo,"HeyBanco ha implementado un chat/bot muy interesante llamado HeyGPT, que resuelve dudas sobre sus productos, el cual me sorprendiÃ³ bastante, creo que es un gran avance para mejorar la experiencia con la atenciÃ³n a clientes, acÃ¡ te cuento todo:"
522,2023-09-05,2:53:41,,,,,Comentario positivo,Yo uso ese banco y siempre me resuelven rÃ¡pido y mil veces mÃ¡s rÃ¡pido vs Banamex haha
523,2023-09-10,21:18:12,,,,,Comentario positivo,HeyBanco. Me ha salido buena.
524,2023-09-12,22:40:28,,,,,Agradecimiento,Gracias.
525,2023-09-12,2:35:10,,,,,Comentario positivo,Chulada de cuenta! Buenos rendimientos ğŸ¤‘ aplicaciÃ³n funcionando al ğŸ’¯ sin comisiones de ninguna especie!! Entre esta y la de no necesito nada de ninguna otra instituciÃ³n. Nunca cambien ehhh? Asi empezÃ³ Klar y luego ya no cumpliÃ³. â˜ºï¸ğŸ‘ğŸ»
526,2023-09-13,23:20:30,,,,,Promociones,"Â¡Feliz DÃ­a del Programador! Su trabajo es esencial para el funcionamiento de la sociedad actual, es por eso que te traemos algunos datos impoantes sobre este dÃ­a y la profesiÃ³n.ğŸ‘¨ğŸ»â€ğŸ’» HeyBancoMedia HeyBanco DÃ­aDelProgramador Programadores"
527,2023-09-13,20:45:41,,,,,Solicitud de apoyo,"Hola muchas gracias, ya les contestÃ© vÃ­a DM"
528,2023-09-13,20:32:13,,,,,Caso resuelto,"Solucionado, gracias!"
529,2023-09-13,16:02:39,,,,,Solicitud de apoyo,ayuda!!
530,2023-09-14,23:17:46,,,,,?,"Es que son horas de Venus, todavÃ­a estÃ¡n en tiempo xd"
531,2023-09-14,15:38:55,,,,,?,Inviee en cuestiÃ³n de minutos desde tu celular y obtÃ©n ganancias cada semana. ğŸ’° Conoce cÃ³mo hacer crecer tu dinero con Invâ€¦
532,2023-09-15,21:23:57,,,,,Sugerencia,A mi me sirviÃ³ actualizar mi versiÃ³n de Android a la mÃ¡s reciente. Con eso ya abre
533,2023-09-15,16:46:03,,,,,Agradecimiento,Gracias justo eso me funciono
534,2023-09-16,23:38:12,,,,,Sugerencia,Yo elimine el cache en los ajustes de la app y funcionÃ³
535,2023-09-16,23:23:44,,,,,Caso resuelto,Si me funcionÃ³!!! Muchas gracias
536,2023-09-16,20:21:53,,,,,Sugerencia,"Entren a ajustes de la app , borren el cache y funciona"
537,2023-09-16,5:17:38,,,,,Sugerencia,Esto me funcionÃ³ a mi
538,2023-09-16,4:56:18,,,,,Caso resuelto,Muchas gracias Hey! Ya quedÃ³ resuelto. ğŸ‘ŒğŸ‘ŒğŸ‘Œ
539,2023-09-16,3:28:28,,,,,Agradecimiento,Gracias ! Lo intentare ğŸ˜
540,2023-09-17,23:18:02,,,,,Caso resuelto,Gracias! TambiÃ©n me funcionÃ³ reiniciando ğŸ™Œ
541,2023-09-17,15:24:56,,,,,Caso resuelto,"Ya qiedo resuelto, muchas gracias!"
542,2023-09-18,22:22:18,,,,,Agradecimiento,FuncionÃ³ gracias. Mejor que la cuenta oficial
543,2023-09-18,18:10:10,,,,Sugerencia,Caso resuelto,"Muchas gracias por la informaciÃ³n, me sirviÃ³ para poder acceder a la aplicaciÃ³n, deberÃ­an publicar la soluciÃ³n en sus redes para que otros usuarios puedan solucionarlo"
544,2023-09-19,18:10:58,,,,,Caso resuelto,Confirmo hoy 19 de septiembre que funciona.. muchas gracias
545,2023-09-19,17:56:50,,,,,?,"La colonia mÃ¡s bonita y cool de todo LatinoamÃ©rica te estÃ¡ esperando, descubre con Jonnah Moreno sus increÃ­bles recintos y disfruta de su increÃ­ble belleza. HeyBanco HeyMedia HeydeLocal Guadalajara"
546,2023-09-19,17:55:31,,,,,?,"El lugar perfecto para sentae a trabajar mientras te tomas un delicioso cafÃ©... para despuÃ©s ir por una joya de la literatura, de segunda mano. Descubre con Jonnah Moreno los lugares secretos de la colonia Americana. HeyBanco HeyMedia HeydeLocal Guadalajara"
547,2023-09-19,17:52:22,,,,,?,"Entre cafeterÃ­as, una arquitectura Ãºnica y bonitos pisos, Jonnah Moreno nos muestra la cara mÃ¡s apacible de la colonia Americana, que es considerada la mÃ¡s bonita en todo LatinoamÃ©rica. HeyBanco HeyMedia HeydeLocal Guadalajara"
548,2023-09-19,16:43:55,,,,Comentario negativo,Caso resuelto,"Muchas gracias ahora sÃ­, por mandar la actualizaciÃ³n v10.39.2 de la app de Android. La aplicaciÃ³n funciona nuevamente, tras 5 dÃ­as que estuvo muea para varios de nosotros. Gracias"
549,2023-09-19,5:21:53,,,,,Comentario positivo,"Exacto, en el 10.39.0 estÃ¡ todo normal."
550,2023-09-20,22:28:33,,,,,Agradecimiento,Listo! Muchas gracias! :)
551,2023-09-20,20:42:03,Positivo,,,Caso resuelto,Agradecimiento,Ya hoy se restableciÃ³ la aplicaciÃ³n gracias
552,2023-09-20,2:42:16,,,,,?,"X3. A las 12 sin problema, y uno desde las 6 y nada"
553,2023-09-20,2:09:44,,,,,Agradecimiento,"Gracias por la respuesta, pude habilitar mi app"
554,2023-09-22,22:00:52,,,,,Comentario positivo,"A mi nunca me ha fallado, al contrario es de las mÃ¡s estables."
555,2023-09-23,17:15:22,,,,Comentario positivo,Agradecimiento,"Gracias, no deberÃ­a ser informaciÃ³n privada, es para que ustedes mejoren. Saludos."
556,2023-09-24,15:49:15,,,,,Pregunta,cÃ³mo puedo pedir otra tarjeta sin perder mis datos anteriores. Gracias
557,2023-09-26,23:06:29,,,,,Comentario negativo,Siempre estoy recomendando y llevo 2 meses sin tarjeta ğŸ¤¡ Â¿regresar a Banamex serÃ¡ la soluciÃ³n?
558,2023-09-26,22:30:41,,,,Comentario positivo,Agradecimiento,"Hola, solo para agradecer pÃºblicamente la atenciÃ³n recibida en su momento, y mencionar que ya recibÃ­ todos los productos solicitado de su tienda de Hey Shop. Muchas gracias."
559,2023-09-26,18:47:23,,,,,?,Ya lo envie
560,2023-09-27,19:00:56,,,,,Agradecimiento,"Muchas gracias, los amo. ğŸ˜­ğŸ«¶ğŸ½"
561,2023-09-28,0:50:29,,,,Sugerencia,Comentario negativo,"increÃ­ble que a estas alturas tengas que ir a activar tu netkey â€œmÃ³vilâ€ a una sucursal cuando cambias de telÃ©fono. Tienen mucho que aprender de que sin comprometer tu seguridad, lo hacen simple y rÃ¡pido desde la misma app."
562,2023-09-30,5:35:34,,,,,Comentario positivo,Yo sigo pensando que es un gran producto
563,2023-10-02,19:50:21,,,,,Agradecimiento,Gracias
564,2023-10-03,23:23:14,,,,,Comentario positivo,Yo tambiÃ©n quiero ğŸ«£
565,2023-10-03,18:33:09,,,,Solicitud de apoyo,Agradecimiento,"Gracias, les acabo de escribir."
566,2023-10-05,16:30:02,,,,,Comentario positivo,"Tengo la de que es de banco Azteca y si esta muy bien, la de tambiÃ©n esta padre y la de esas manejo"
567,2023-10-06,21:54:50,,,,,?,"En hora buena Jorge, tÃº eres una persona muy reconocida en el gremio mielero y tu reputaciÃ³n vale."
568,2023-10-11,3:04:58,,,,,Comentario positivo,ğŸ‘€ Ã“rale quÃ© cool. ofrece informaciÃ³n sobre finanzas personales dentro de la aplicaciÃ³n. ğŸ¤© HabrÃ¡ que darle una opounidad al podcast
569,2023-10-12,5:36:25,,,,,Sugerencia,"Ganeee! Si quieres ser pae de esta fiebre Hey, te puedo referir. Gracias"
570,2023-10-13,16:37:56,,,,,Caso resuelto,"Gracias, volvÃ­ a llamar y fue rapido"
571,2023-10-13,4:04:23,,,,,?,ğŸ˜®â€ğŸ’¨ 5 estrellas al sopoe de ya se saben el dÃºo dinÃ¡mico â˜ºï¸â˜ºï¸
572,2023-10-14,22:34:37,,,,,Solicitud de apoyo,Quedo en espera. Gracias
573,2023-10-14,11:56:33,,,,,Agradecimiento,Felicidades a todos los que hicieron esto posible
574,2023-10-16,1:22:55,,,,,Agradecimiento,Muchas gracias
575,2023-10-17,18:13:26,,,,,Caso resuelto,"Procedo, gracias por el apoyo"
576,2023-10-18,12:23:13,,,,,?,RecibÃ­ ayuda de fredhack88 en Telegram. Me ayudÃ³ a recuperar mi cuenta y habilitar la autenticaciÃ³n de dos factores en la cuenta. Estoy realmente impresionado. TambiÃ©n te ayudarÃ¡ con tus problemas de piraterÃ­a.
577,2023-10-19,7:14:39,,,,,Comentario negativo,"Gracias ya los conocÃ­, los use, y hoy los dejo, definitivamente no son lo mio, pero si los recomiendo! ğŸ‘ Bancos fâ€¦"
578,2023-10-20,23:13:05,,,,,Promociones,"Â¡Te vamos a sorprender! â­ï¸ Para todos nuestros fans, Â¡les queremos dar mÃ¡s! Estamos a punto de elevar su experiencia a un niâ€¦"
579,2023-10-21,3:46:33,,,,,Promociones,"Â¡Te vamos a sorprender! â­ï¸ Para todos nuestros fans, Â¡les queremos dar mÃ¡s! Estamos a punto de elevar su experiencia a un niâ€¦"
580,2023-10-21,2:21:31,,,,,?,11% la inversiÃ³n y con eso!
581,2023-10-22,3:12:45,,,,,Promociones,"Â¡Te vamos a sorprender! â­ï¸ Para todos nuestros fans, Â¡les queremos dar mÃ¡s! Estamos a punto de elevar su experiencia a un niâ€¦"
582,2023-10-23,19:55:44,,,,,Comentario positivo,Se va a poner bueno con heybanco
583,2023-10-23,3:32:06,,,,,Comentario positivo,"Estamos igual, tambiÃ©n me sorprendÃ­"
584,2023-10-23,3:23:34,,,,,?,Yo tambiÃ©n!
585,2023-10-24,21:07:14,,,,Sugerencia,Comentario negativo,Nos deberÃ­an sorprender con app funcional. Todos los dias hay que estar borrando e instalando. Dura un acceso Ãºtil.
586,2023-10-24,19:44:21,,,,,Caso resuelto,Listo enviado
587,2023-10-24,8:53:57,,,,,Promociones,"Â¡Te vamos a sorprender! â­ï¸ Para todos nuestros fans, Â¡les queremos dar mÃ¡s! Estamos a punto de elevar su experiencia a un niâ€¦"
588,2023-10-25,23:43:33,,,,,Comentario negativo,"Muy buena , esta vez hey se equivocÃ³, decÃ­a ser diferente a los bancos normales e incluso puede que apairâ€¦"
589,2023-10-25,23:19:19,,,,,Comentario negativo,Fuiste bueno por un tiempo. Ahora mi tarjeta se irÃ¡ al cajÃ³n. Hasta nunca ğŸ‘‹ğŸ«¶
590,2023-10-25,22:15:53,,,,,Comentario positivo,es muy buena opciÃ³n.
591,2023-10-25,21:43:42,,,,,Comentario negativo,"Bueno, toda historia tiene un final. AdiÃ³s"
592,2023-10-25,21:36:59,,,,,Sugerencia,"La tarjeta plata trae buen cashback, deberÃ­as darle una revisada"
593,2023-10-26,20:20:52,,,,,Promociones,"Â¿SPA para los Hospitality? Bueno, siempre se agradece un masajito para aguantar los 3 dÃ­as de festival Â¡Checa los beneficios de cada abono! ğŸŸï¸ğŸ¦ğŸ”¥ MaÃ±ana prevents exclusiva por TecatePalNoe ğŸ’–"
594,2023-10-26,19:36:54,,,,,Solicitud de apoyo,Gracias! Les envÃ­e otra duda.
595,2023-10-26,18:51:17,,,,,Solicitud de apoyo,"Ok, estarÃ© al pendiente, gracias"
596,2023-10-27,20:52:45,,,,,Comentario positivo,"Gracias por mis ultimas recompensas, adios vaquero, fue bueno mientras durÃ³"
597,2023-10-27,20:52:13,,,,,Comentario positivo,MaÃ±ana los compramos!!! ğŸ«¶ğŸ™ŒğŸ»ğŸ™ŒğŸ»
598,2023-10-27,20:19:11,,,,,Promociones,ğŸ¦ Â¡Gracias! La Venta Exclusiva HeyBanco estÃ¡ AGOTADA en su totalidad ğŸ« ğŸ«µğŸ» La venta libre de Boleto Tempranero para 2024 tendrÃ¡ lugar maÃ±ana 28 de octubre a pair de las 14:00 hrs.
599,2023-10-27,20:08:25,,,,,Agradecimiento,Gracias Gracias venta tempranera ğŸ¤ Tqm
600,2023-10-27,19:47:04,,,,,Promociones,â­ï¸â­ï¸Tecate Pa'l Noe 2024!!!â­ï¸â­ï¸ ğŸš¨Si tienen Hey Banco aprovechen hoy porque hay buenos descuentos en el abono Tempranero!â€¦
601,2023-10-27,18:44:33,,,,,?,Â¡Muchas gracias por tu confianza! ğŸ˜€ğŸ¤² Â¡Estamos felices de que formes pae de la familia Klar! ğŸ¥°ğŸ¤© Â¡TE QUEREMOS!â¤ï¸
602,2023-10-27,18:10:40,,,,,Sugerencia,SerÃ­a lo mÃ¡s adecuado despuÃ©s de lo que costo por lo menos 6 meses de prueba como lo hacÃ­a Scotia con su tarjeta ideal ya despuÃ©s decides.
603,2023-10-28,20:57:12,,,,,Comentario negativo,"Gracias, sigan con esas propuestas tan inovadoras que seguramente atraerÃ¡n millones de clientes y marcarÃ¡n un antes y un despuÃ©s de la banca en MÃ©xico. De seguro las felicitaciones no paran por eso hasta bloquearon sus redes sociales. Son unos genios! No se cansan de ganar tanto?"
604,2023-10-28,18:56:45,,,,,Comentario negativo,Fuiste bueno por un tiempo. Ahora mi tarjeta se irÃ¡ al cajÃ³n. Hasta nunca ğŸ‘‹ğŸ«¶
605,2023-10-28,18:50:44,,,,,?,adquirÃ­ la membresÃ­a mega Fan porque me saliÃ³ que un beneficio era una venta exclusiva de Tecateâ€¦
606,2023-10-28,18:50:27,,,,,Caso resuelto,Ya cayÃ³ la actualizaciÃ³n gracias
607,2023-10-28,18:44:10,,,,,Comentario positivo,PadrÃ­simas las nuevas membresÃ­as de encontrÃ© una que se ajusta a mis necesidades y ya la contratÃ©. Les recomiendo qâ€¦
608,2023-10-28,15:39:01,,,,,?,"A mÃ­ ya me depositaron, la verdad estoy contento con sus servicios, espero recapaciten y re valoren sus decisiones"
609,2023-10-28,14:40:52,,,,,?,Es correcto
610,2023-10-28,13:35:53,,,,,Comentario negativo,Esto de me parece tipo las gasolinaras VIP
611,2023-10-28,13:07:09,,,,,?,Antes que nada bienvenido a UalÃ¡. Gracias por el feedback. Es muy constructivo. Varios de esos temas se resuelven en los prÃ³ximos updates. Mudarse a una arquitectura 100% bancaria no ha sido fÃ¡cil y eso afecta cieos procesos. Ya viene lo mejor. Gracias desde ya.
612,2023-10-28,1:13:56,,,,,Caso resuelto,"Gracias ya pude comunicarme y creo si se solucionÃ³ mi problema, gracias ğŸ™Œ"
613,2023-10-29,2:17:34,,,,,Promociones,Buena publicidad ğŸ‘‡
614,2023-10-30,23:34:34,,,,,Promociones,"Â¿Eres un estudiante y tienes una idea brillante? ğŸ’¡ Â¡El Reto Emprende Hey te espera! Paicipa y gana hasta $50,000 por tuâ€¦"
615,2023-10-30,21:59:22,,,,,Agradecimiento,Muchas gracias ğŸ¥°
616,2023-10-30,21:49:32,,,,,Solicitud de apoyo,Ahorita mismo les mando correo y nÃºmero telefÃ³nico para contacto.
617,2023-10-30,19:03:02,,,,,?,Dale gracias a
618,2023-10-30,16:28:53,,,,,?,Checa creo que tiene mucho potencial!
619,2023-10-31,22:23:42,,,,,?,"Bien hecho, ya mero te alcanzo. ğŸ¤·ğŸ½â€â™‚ï¸"
620,2023-10-31,21:13:51,,,,,?,Â¡Muchas gracias por tu confianza! ğŸ˜€ ğŸ¤² Â¡Estamos felices de que formes pae de la familia Klar! ğŸ¥° ğŸ¤©
621,2023-10-31,18:51:34,,,,,Comentario positivo,"Lo verdaderamente interesante de heybanco es su herramienta de inversiÃ³n y, en lo personal, serÃ­a para lo Ãºnico que tengo la tarjeta y que pagarÃ­a por el plan. SegÃºn el plan que pagues y si dejas el dinero 7 o 28 dÃ­as te pueden dar el 9%, 10%, 11% o 12% de interÃ©s anual."
622,2023-10-31,18:05:15,,,,,Comentario positivo,Ya estÃ¡n todos mis ahorros contigo! gracias
623,2023-10-31,18:01:11,,,,,Agradecimiento,"Gracias, como siempre super atentos y efectividad en resolver dudas."
624,2023-10-31,17:44:55,,,,,Caso resuelto,Gracias por la respuesta ya conteste por DM saludos
625,2023-10-31,15:53:03,,,,,Comentario positivo,Â¡Estamos para servie!
626,2023-10-31,14:25:33,,,,,Promociones,"Â¿Eres un estudiante y tienes una idea brillante? ğŸ’¡ Â¡El Reto Emprende Hey te espera! Paicipa y gana hasta $50,000 por tuâ€¦"
627,2023-10-31,3:59:10,,,,,,"Uf! Que buena idea, Â¿No, Que nos pague en Hey Coins."
628,2023-10-31,3:53:34,,,,,Sugerencia,"Mejor que anualidad, mensualidad ğŸ˜"
629,2023-11-01,19:33:12,,,,,?,Bien merecido ğŸ« 
630,2023-11-01,2:16:06,,,,,Promociones,Me encanta la publicidad de la competencia
631,2023-11-02,3:53:49,,,,,Promociones,INVEX!! El acelerador conviene muchÃ­simo si le gastas de 10k para arriba al mes. Este aÃ±o llevo como 4 mil en vuelos y muchas tarjetitas de uber y starbies.
632,2023-11-02,1:00:57,,,,,Comentario positivo,"DespuÃ©s de ver estÃ¡ entrevista, creo que es una excelente opciÃ³n"
633,2023-11-02,0:57:59,,,,,Agradecimiento,este tweet es solo para agradecer la rapidez con la que resolvieron unos cargos no reconocidos. Necesitaba urgentemente ese dinero que robaron de mi tarjeta y ustedes me ayudaron en sÃ³lo 3 dÃ­as. TambiÃ©n las cosas buenas deberÃ­an compairse. Â¡Gracias Hey Banco!
634,2023-11-02,0:50:37,,,,,?,"Ya reflexionÃ©, creo que estÃ¡n bien las membresÃ­as de"
635,2023-11-02,0:14:08,,,,,Comentario negativo,En unos meses se fue lo que lograron en aÃ±os... Felicidades
636,2023-11-02,0:08:41,,,,,Sugerencia,Esta es la mejor idea para sus clientes
637,2023-11-03,19:42:24,,,,,Comentario positivo,"La verdad son muy buenos contra fraudes o cosas asÃ­, los demÃ¡s bancos se mega desentienden, a mÃ­ me han hecho todos los paros de la vida."
638,2023-11-03,19:14:00,,,,,?,"SÃ­ vi que ademÃ¡s traen primo del bono y el primer aÃ±o sin anualidad, que es lo que me da codoo. Y luego la ediciÃ³n de la tarjeta rosa ğŸ¥². Ya considerando seriamente."
639,2023-11-03,18:35:36,,,,,Sugerencia,"Yo amo con todo mi ser la Amex, la verdad siento que ninguna otra te tratan tan bien, estÃ¡ cara la anualidad pero sÃ­ vale toda la pena por la seguridad que te ofrecen."
640,2023-11-03,18:12:46,,,,,?,"Gracias, novio, un saludo hasta allÃ¡."
641,2023-11-04,5:06:01,,,,,Agradecimiento,Gracias Mandiii
642,2023-11-07,18:45:40,,,,,Comentario positivo,"Same, ya mejor regresÃ© a Banoe y HeyBanco solo para compras de â€œriesgoâ€."
643,2023-11-08,22:57:26,,,,,Comentario positivo,Vamos muy bien con heybanco ğŸ‘ğŸ¾
644,2023-11-08,17:43:43,,,,,Agradecimiento,Muy amables muchas gracias.
645,2023-11-08,16:06:38,,,,,Caso resuelto,"Listo, lo hice en la madrugada, gracias!!"
646,2023-11-08,13:58:57,,,,,Comentario positivo,Excelente noticia!!! El 15% estÃ¡ genial y sin necesidad de pagar membresÃ­as absurdas ahora sÃ­ tendrÃ¡ mucho de que arrepentirse
647,2023-11-09,17:35:17,,,,,?,defiÃ©ndete !!!ğŸ–¤
648,2023-11-09,7:54:23,,,,,Comentario negativo,bajÃ³ el rendimiento de la inversiÃ³n mientras que la subiÃ³. Todo perfectamente equilibrado
649,2023-11-10,23:36:40,,,,,Comentario positivo,Hey sigues siendo cliente de Saludos!
650,2023-11-10,21:16:19,,,,,Comentario positivo,recomendada
651,2023-11-10,21:15:29,,,,,Comentario positivo,"Hazlo, es una excelente opciÃ³n. Yo tengo con ellos 3 aÃ±os"
652,2023-11-10,3:27:47,,,,,?,"SÃ­, es venganza"
653,2023-11-11,1:11:31,,,,,Sugerencia,Una lecciÃ³n a esos perros de que quieren cobrar por lo que ustedes dan por solo ser clientes. Solo falta cashback y van a volver a ser mi tarjeta preferida.
654,2023-11-14,21:26:38,,,,,Comentario positivo,"Buen movimiento ğŸ¤“ ""Hey"" me recuerda a Mantis de Kung-fu Panda cuando agarra las cuerdas del puente ğŸ˜‚"
655,2023-11-14,21:21:37,,,,,Agradecimiento,Agree. ğŸ‘ğŸ½ Hasta una crÃ³nica les avente.
656,2023-11-14,18:00:50,,,,,Agradecimiento,Gracias ğŸ‘
657,2023-11-16,16:22:08,,,,,?,Esto es rÃ¡pido para
658,2023-11-17,13:44:00,,,,,?,Nos encanta tenee con nosotros ğŸ¥°
659,2023-11-18,23:34:22,,,,,Agradecimiento,Gracias carnal.
660,2023-11-21,21:20:08,,,,,?,No dudo que hayas sido tÃº hahahahahahaha.
661,2023-11-23,12:49:47,,,,,Sugerencia,"A mÃ­ me ofrece 3MSI, serÃ­a bueno ver si es verdad jajaja"
662,2023-11-25,17:23:29,,,,,?,Beneficios de un mercado mas competitivo
663,2023-11-25,16:40:17,,,,,Comentario positivo,"Bendita sea la competencia, y bienvenido el cashback asÃ­ sea un por ciento como dice la canciÃ³n"
664,2023-11-25,15:49:20,,,,,?,OJO ACA!! Regresan las recompensas a ğŸ¤©ğŸ¤©ğŸ¤©ğŸ¤©
665,2023-11-25,13:16:52,,,,,Comentario positivo,Gracias nos escuchaste y por eso seguirÃ© contigo ğŸ«¶ğŸ¤—
666,2023-11-25,11:00:45,,,,,Comentario positivo,Lo mejor que pudiste hacer amigo
667,2023-11-25,4:47:53,,,,,?,Tsss .. que bueno .
668,2023-11-25,4:44:46,,,,,?,"Hiciste bien, tÃ­o â˜ºï¸"
669,2023-11-26,18:53:13,,,,,?,Les recomiendo tambiÃ©n es mexicano y no estÃ¡ en quiebra con el DientesDeBurroUsurero
670,2023-11-26,16:58:44,,,,Solicitud de apoyo,Agradecimiento,"Gracias por la respuesta, estare atento saludos tio"
671,2023-11-27,23:58:29,,,,,Sugerencia,Gracias ğŸ™ ğŸ˜ğŸ‘Œâ¦@soynumxâ© â¦@nubankâ© espero sirva de aprendizaje a las demÃ¡s plataformas si quieren nuestro dinero como inversionistas. Fyi â¦@dinnactinverâ© â¦@heybancoâ© â¦@ualaâ© â¦@uala_mexâ© â¦@MercadoPagoMexâ© â¦@FinsusAppâ©
672,2023-11-27,9:38:19,,,,,Comentario positivo,"IncreÃ­ble atenciÃ³n al cliente de siempre he pagado a tiempo, estoy dentro del plazo de pago yâ€¦"
673,2023-11-28,10:47:12,,,,,Comentario positivo,el mejor banco
674,2023-11-29,9:13:31,,,,,Comentario positivo,"Me unÃ­ a en julio de 2019 y me ha resultado muy Ãºtil para mis transacciones en lÃ­nea, la verdad la recomiendo mucho"
675,2023-11-30,10:15:52,,,,,Comentario positivo,"Hey Banco me gusta mucho, iwal mercado pago apae de q es sÃºper prÃ¡ctico y el dinero q tienes ahÃ­ estÃ¡ inveido en gbm y te genera unos pesitos extras"
676,2023-12-01,21:23:51,,,,,?,ğŸ Â¡PromociÃ³n para todos nuestros clientes Hey! Aprovecha las compras de temporada y recibe recompensas en efectivo. Â¿List@ pâ€¦
677,2023-12-01,16:26:31,,,,,?,Me gustaba porque repoaba a burÃ³ de crÃ©dito
678,2023-12-01,8:55:31,,,,,?,Hey. Banco que haya salido a la luz la coreo completa. Me gustÃ³ el final a lo indio. Como se llama la obra que interpretan?
679,2023-12-02,20:22:15,,,,,Comentario negativo,Siempre estoy recomendando y llevo 2 meses sin tarjeta ğŸ¤¡ Â¿regresar a Banamex serÃ¡ la soluciÃ³n?
680,2023-12-02,11:30:48,,,,,Solicitud de apoyo,terminos y condiciones por favor
681,2023-12-05,15:45:46,,,,,?,Jajajaja
682,2023-12-07,10:11:29,,,,,?,Breve lecciÃ³n de economÃ­a. Aprende a no pagarle a y a cobrar por depositar en y al mismo tiempo que luchas contra el Gaza_Genocide
683,2023-12-07,9:35:45,,,,,?,. Llegan nuevos instrumentos financieros y te ofrecen hasta el 13 por ciento de dinero adicional por cada dÃ­a que guardes tu dinero mientras que te cobra si no lo mueves por mÃ¡s de seis meses. Por eso estÃ¡ en
684,2023-12-09,16:38:30,,,,,Comentario positivo,"Jamas pensÃ© que me quedarÃ­a con Hey Banco despuÃ©s de todas las mamadas que estÃ¡n haciendo pero literalmente es la mejor opciÃ³n que tengo. En fin, chingada madre HSBC, tremendo pedo por una compra de 150 pesos."
685,2023-12-09,16:12:02,,,,,Comentario positivo,"Correcto, sin mÃ¡s preÃ¡mbulos."
686,2023-12-14,18:55:33,,,,,?,ApareciÃ³ una buena promo en al contratar un seguro para tu celular.
687,2023-12-14,11:19:37,,,,,Comentario positivo,"El canje de las hey Coins de por tarjetas de regalo de Amazon ya son instantÃ¡neas, te llegan los cÃ³digos casi al insâ€¦"
688,2023-12-14,10:13:06,,,,,Solicitud de apoyo,"Excelente pregunta, que de dijeron bro?â€¦"
689,2023-12-14,10:10:39,,,,,Comentario positivo,"El canje de las hey Coins de por tarjetas de regalo de Amazon ya son instantÃ¡neas, te llegan los cÃ³digos casi al instante. Â¿Recuerdan lo que me pasÃ³ hace unos meses? ğŸ¥²"
690,2023-12-15,16:13:32,,,,,Comentario positivo,"Confirmo el dÃ­a de hoy cambie mis Hey coins y en el correo de confirmaciÃ³n ya viene el cÃ³digo, todo cool ya hasta realizÃ³ mi compra ğŸ‘"
691,2023-12-17,16:29:51,,,,,Comentario positivo,Amamos las recompensas de ğŸ«¡
692,2023-12-17,12:08:17,,,,,?,Con para que me patrocine mÃ¡s juegos del MaratonDevir
693,2023-12-18,10:31:35,,,,,Comentario positivo,"EvaluÃ© cambiar a HeyBanco! por Nu, debido a la tasa de rendimiento y wow, gratamente sorprendida."
694,2023-12-19,21:07:28,,,,,Caso resuelto,Muy amablemente su AreaEspecializada me diÃ³ soluciÃ³n. ^R
695,2023-12-22,17:50:55,,,,,Comentario positivo,"Te la recomiendo, atenciÃ³n inmediata, tambiÃ©n para ti un abrazo y felices fiestas, abrazo para toda la familia."
696,2023-12-22,17:37:53,,,,,?,"Entiendo, con la de Baz me transfiero de la de crÃ©dito a la de Azteca, entra como una compra y no me genera comisiÃ³n. Te la recomiendo y muy accesible"
697,2023-12-22,15:58:18,,,,,Caso resuelto,"Excelente, gracias por la informaciÃ³n."
698,2023-12-22,11:43:33,,,,,?,"Hola Pepe, buenos dÃ­as. Te atiende SofÃ­a, es un gusto saludae. Â¿Nos podrÃ­as compair vÃ­a DM mayor detalle de la situaciÃ³n que presentas con tu aplicaciÃ³n BBVA MÃ©xico, por favor? 1/2"
699,2023-12-27,9:01:38,,,,,?,"Manifestando ganarme el soeo de HeyBanco. Hecho esta, lo declaro, soy abundancia."
700,2023-12-28,22:25:18,,,,,Solicitud de apoyo,"Hola! He mantenido un buen historial con ustedes, tengo la duda de quÃ© hacer para que me aumenten la lÃ­nea de crÃ©dito TDC?"
701,2023-12-30,9:31:05,,,,,Caso resuelto,Gracias ayer me atendieron rÃ¡pido por llamada ya quedo resuelto
702,2024-01-01,14:05:36,,,,,Comentario positivo,"AÃ±o Nuevo, novedades nuevas Â¿que les parece este ajuste de HEYBANCO? Anualidad y HEY PRO forzado ğŸ™Œ Me parece una mejor opciÃ³n"
703,2024-01-01,9:25:46,,,,,?,"Hay que transmitir informaciÃ³n fidedigna y real, ya lleva algunos aÃ±os operando..."
704,2024-01-02,17:51:09,,,,,Comentario positivo,"Te recomiendo Hey banco, no tiene nada de eso y puedes retirar en cualquier HSBC o inbursa sin comisiÃ³n."
705,2024-01-04,22:01:23,,,,,Comentario positivo,"Hoy fui a la Fanshop de Hey banco y me la pasÃ© super chido, ademÃ¡s hice un amix âœ¨"
706,2024-01-04,12:03:48,,,,,Comentario positivo,"otra opciÃ³n que en lo personal podrÃ­a recomendae, tambiÃ©n tiene buenas promociones y MSI"
707,2024-01-04,11:15:48,,,,,Comentario positivo,la mejor
708,2024-01-05,12:39:28,,,,Solicitud de apoyo,Agradecimiento,Va gracias les mande dm
709,2024-01-07,18:53:21,,,,,?,estÃ¡ mejor
710,2024-01-07,17:46:48,,,,,?,puro ese mejor nu nu fonite foniteog
711,2024-01-08,11:16:15,,,,,?,"Yo: voy a trabajar Mi hermana: Oye, entonnces cÃ³mo valido mi HeyBanco PapÃ¡s: Oye, que hay un tema con el depa ;_; jajajaja pero bueno, agradezco que haya alguien allÃ¡ que me ayude a resolverlo."
712,2024-01-09,23:55:06,,,,,?,"Tengo un Pixel 5, genio."
713,2024-01-09,0:42:33,,,,,?,Si ya todo bien SeÃ±or LampiğŸ™ŒğŸ»
714,2024-01-10,13:37:20,,,,,Comentario negativo,"Uy, ya los contactÃ©, incluso les mande video al correo electrÃ³nico que me seÃ±alo la persona que me contestÃ³, actualice mi sistema operativo y sigue igual, esto sucede solo con la app del Banco Hey, tengo apps de otros bancos y funcionan perfecto."
715,2024-01-10,12:36:49,,,,,?,ğŸ Â¡PromociÃ³n para todos nuestros clientes Hey! Aprovecha las compras de temporada y recibe recompensas en efectivo. Â¿List@ pâ€¦
716,2024-01-11,15:20:48,,,,,Agradecimiento,Gracias
717,2024-01-13,13:44:57,,,,,Caso resuelto,Ya llame y ya me ayudaron gracias
718,2024-01-14,14:57:03,,,,,?,No tiene lÃ­mites jajaja gpt-4 gratis
719,2024-01-15,12:22:52,,,,,Caso resuelto,"QuedÃ³ solucionado el fin de semana, gracias"
720,2024-01-16,18:32:25,,,,,Caso resuelto,Listo ya quedÃ³ muchas gracias.
721,2024-01-17,22:32:37,,,,,Comentario positivo,"HeyBanco y nu son mucho mejores, para los que andan buscando moverse."
722,2024-01-17,21:08:35,,,,,Comentario positivo,"Por si ocupan, excelentes alternativas a BancoAztecaEnQuiebra 1. HeyBanco - Sin comisiones, contrataciÃ³n en lÃ­nea, +23K puntos para retirar $ 2. NuBank - Sin comisiones, contrataciÃ³n en lÃ­nea, retiro de efectivo en supermercados."
723,2024-01-17,19:54:36,,,,,Comentario positivo,"Excelentes alternativas a 1. HeyBanco - Sin comisiones, contrataciÃ³n en lÃ­nea, +23K puntos para retirar $ 2. NuBank - Sin comisiones, contrataciÃ³n en lÃ­nea, retiro de efectivo en supermercados"
724,2024-01-17,19:51:13,,,,,Comentario positivo,"Excelentes alternativas a : 1. HeyBanco - Sin comisiones, contrataciÃ³n en lÃ­nea, +23K puntos para retirar $ 2. NuBank - Sin comisiones, contrataciÃ³n en lÃ­nea, retiro de efectivo en supermercados"
725,2024-01-17,19:43:52,,,,,Comentario positivo,"Excelentes alternativas a Banco Azteca: 1. HeyBanco - Sin comisiones, contrataciÃ³n en lÃ­nea, +23K puntos para retirar $ 2. NuBank - Sin comisiones, contrataciÃ³n en lÃ­nea, retiro de efectivo en supermercados"
726,2024-01-18,12:58:15,,,,,?,Â¡Celebramos 6 aÃ±os en Hey Banco! ğŸ‰ Gracias por confiar en nosotros en este viaje; tu apoyo ha sido fundamental para nuestroâ€¦
727,2024-01-19,11:01:15,,,,,Solicitud de apoyo,"Buen dÃ­a, enviÃ© correo justo ahora. Gracias."
728,2024-01-19,10:06:58,,,,,?,Buenos dÃ­as. Con la maravillosa sorpresa de que mi cuenta amaneciÃ³ en ceros ğŸ¤¡
729,2024-01-21,19:07:32,,,,,?,Listo!!
730,2024-01-21,18:42:05,,,,,?,"Raro, yo he realizado varias transacciones sin problema"
731,2024-01-21,9:09:53,,,,,Comentario positivo,la mejor opciÃ³n rendimiento del 13%
732,2024-01-21,17:58:03,,,,,Solicitud de apoyo,Hola! TambiÃ©n me gustarÃ­a unirme porfa.
733,2024-01-21,11:46:51,,,,Comentario positivo,Sugerencia,"Agrega la app nunca me ha fallado, su proceso de contrataciÃ³n es Ã¡gil pues al par quÃ© abres la cuenta te evalÃºa para la tarjeta de crÃ©dito; depÃ³sitos y transferencias inmediatas."
734,2024-01-22,17:18:41,,,,,?,Dinero deberÃ­an darme los de pero gracias por un aÃ±o de servicios.
735,2024-01-22,16:00:41,,,,Solicitud de apoyo,Agradecimiento,"MuchÃ­simas gracias! se comprometiÃ³ a resolver el problema con fecha lÃ­mite al 25 de enero de 2024, de no ser asÃ­ enseguida me pondrÃ© en contacto con"
736,2024-01-22,13:55:08,,,,,Agradecimiento,Muchas gracias
737,2024-01-22,12:57:27,,,,Solicitud de apoyo,Agradecimiento,"Les agradezco mucho la atenciÃ³n, me pondrÃ© en contacto con ustedes."
738,2024-01-23,12:10:13,,,,,?,estamos mÃ¡s que listos ğŸ¤©ğŸ˜ ansiosos DesconÃ©ctate por 3 dÃ­as en el AcÃºstico Hey Banco de TecatePalNoe ğŸ”Œ
739,2024-01-25,21:11:05,,,,,?,Funciona mucho mejor que el de ğŸ¤¡ğŸ¤¡
740,2024-01-26,22:23:25,,,,,?,Jajajaja lo amÃ©
741,2024-01-26,17:41:58,,,,,?,Jajaja
742,2024-01-29,18:17:18,,,,,Solicitud de apoyo,"Hola, buenas tardes. Te atiende Luz, es un placer saludae. Con gusto podemos apoyae, por favor escrÃ­benos a nuestra cuenta oficial en Twitter ( ) para brindarle seguimiento a tu solicitud y compaie la informaciÃ³n correspondiente. 1"
743,2024-01-29,15:44:22,,,,,Agradecimiento,"Listo, gracias."
744,2024-01-30,15:12:47,,,,Comentario negativo,Sugerencia,Hola valdrÃ­a la pena que cuando hagan cambios dan un resumen de los cambios realizados en el contrato y no manden las 60 hojas completas. ğŸ˜¬ CharlyTip mejora la experiencia del cliente.
745,2024-02-01,14:25:36,,,,,Comentario negativo,Me encantan las respuestas de a las fallas repoadas en su App ğŸ™„
746,2024-02-01,0:51:32,,,,,Sugerencia,"de debito puedes pedir nu desde la app, tmb hey banco, yo tengo esa y no me piden minimo ni me cobran por manejo de cuenta, esa la abri xq tuve un pedo con la nomina en banamex y la usaba como para ahorrar pero ahora la uso casi para todo heejej, la tj fisica me costo 109 creo"
747,2024-02-02,11:11:22,,,,,Comentario positivo,"Y aprovecho el tuit para recomendarles a hey banco, yo lqm ğŸ«¶ğŸ½ ni una sola queja en dos aÃ±os"
748,2024-02-06,11:34:36,,,,,?,interesante
749,2024-02-07,2:05:30,,,,,Sugerencia,Mejor aumenten lÃ­neas de crÃ©dito! ğŸ˜­ğŸ˜­ğŸ˜­ğŸ˜­
750,2024-02-08,20:20:59,,,,,Comentario positivo,"Hey banco no, es ilimitado jajajaja, suena increÃ­ble."
751,2024-02-08,19:16:00,,,,,Comentario positivo,"Cada mÃ¡s agradecido de peenecer a !! Si ocupan un banco que solucione, este es el mero bueno! Thkss"
752,2024-02-08,18:30:39,,,,,Comentario positivo,"Por eso me encanta Su app es simplemente increÃ­ble! ğŸ’¯. AdemÃ¡s de ser super intuitiva, Cashback en todas tus comprasâ€¦"
753,2024-02-08,5:52:22,,,,,Comentario positivo,"Aaawww que bonito, hey Banco mucho la cola :D"
754,2024-02-09,13:05:02,,,,,Agradecimiento,Gracias
755,2024-02-10,10:12:37,,,,,Comentario positivo,trae la de hey banco ğŸ˜ğŸ¥¹ humilde mi chiquito
756,2024-02-11,11:40:38,,,,,Sugerencia,"Para los que se preguntan dÃ³nde conseguir la tarjeta, la pueden sacar en Hey Banco con muchos diseÃ±os a elegir"
757,2024-02-12,20:17:49,,,,,Agradecimiento,"Ya es lo que empezarÃ© a hacer, graciasâ€¦."
758,2024-02-12,16:43:13,,,,,?,"Jajaj FIJA-TÃˆ como no te dije pero en fin.... so far, so good ğŸ˜„ğŸŒˆ"
759,2024-02-12,16:11:52,,,,,Comentario positivo,"Mira amixe al fin, abrÃ­ mi cuenta me llegÃ³ super rÃ¡pido, en 2 dÃ­as, por dhl y pues nada, me ha encantado!! ğŸ¤©ğŸ¤©ğŸ¦„"
760,2024-02-13,17:03:36,,,,,?,Â¡Celebra el amor con estilo este San ValentÃ­n! â¤ï¸ Descubre las Ãºltimas colecciones de tus marcas favoritas aquÃ­: SomosHey HeyMedia HeyBanco SanValentÃ­n Regalos
761,2024-02-13,16:16:21,,,,,Comentario positivo,Comerciales tan ganadores como los Kansas Chiefs que nos dejÃ³ el SuperBowl este aÃ±o: SomosHey HeyMedia HeyBanco Comerciales SBLVIII MichaelCera JLo MainScorsese
762,2024-02-13,12:07:46,,,,,Solicitud de apoyo,por favor de su apoyo para saber los mÃ³dulos que tienen en CDMX. Gracias.
763,2024-02-19,12:04:17,,,,,Agradecimiento,"Ya se arreglÃ³, gracias."
764,2024-02-20,9:38:29,,,,,Comentario positivo,tenencia a 6MSI y los amo! ğŸ¥° ğŸ«£
765,2024-02-21,15:10:57,,,,,Agradecimiento,Al fin recuperÃ© mi cuenta de Los amo! ğŸ«±ğŸ»â€ğŸ«²ğŸ¾
766,2024-02-22,10:15:48,,,,,Comentario positivo,"Hey, hey, hey, banco ğŸ‘Œâœ”ï¸ Esto es perfecto"
767,2024-02-29,21:07:53,,,,,Agradecimiento,Gracias por la informaciÃ³n. Me fue muy Ãºtil.
768,2024-03-01,23:39:44,,,,,Solicitud de apoyo,"Ya tengo 11 meses con la TDC garantizada con buen uso, cuando me van a graduar? Recuerdo que cuando la contratÃ© decÃ­a 6 meses de buen uso :("
769,2024-03-01,19:35:31,,,,,Comentario positivo,nunca falla ğŸ˜
770,2024-03-01,4:46:39,,,,,Agradecimiento,"Muchas gracias, ya salÃ­ del apuro gracias a y ."
771,2024-03-02,14:24:38,,,,,Agradecimiento,Gracias. Ya revisÃ©
772,2024-03-06,20:09:14,,,,,Agradecimiento,Jaja gracias! ğŸ‘
773,2024-03-06,16:28:42,,,,,?,Te recomiendo
774,2024-03-08,2:06:50,,,,,?,SÃ¡bado Perpetuo ğŸ™
775,2024-03-13,21:34:41,,,,,Agradecimiento,Gracias por la atenciÃ³n
776,2024-03-13,20:40:01,,,,,Agradecimiento,"Muchas gracias, ya quedÃ³ :)"
777,2024-03-15,1:51:01,,,,,Comentario negativo,Agree contigo A la versh ğŸ‘‡ğŸ½
778,2024-03-16,16:45:25,,,,Solicitud de apoyo,Comentario negativo,"Hice por mail una sugerencia en la app en cuanto a que den facilidades para modificar/actualizar un dato como lo es el nÃºmero de cel. Me responden de que me comunique por telÃ©fono, y a ver que me digan ahÃ­. QuÃ© facilidad ayuda viene a ser esa...!? NomÃ¡s no sacan de apuros. âœŒğŸ½"
779,2024-03-18,17:23:05,,,,,Agradecimiento,Gracias por la atenciÃ³n!
780,2024-03-18,17:13:48,,,,,Solicitud de apoyo,"Hola, buenos dÃ­as. Te atiende Luz, es un placer saludae. Para nosotros son muy impoantes tus comentarios, por lo que nos interesa saber mÃ¡s sobre tu experiencia. Â¿Nos puedes brindar mayor detalle de la situaciÃ³n que presentas, por favor? 1"
781,2024-03-19,18:48:19,,,,,Agradecimiento,Gracias ya hable vÃ­a telefÃ³nica y se resolviÃ³ mi inquietud
782,2024-03-22,21:40:28,,,,,Comentario positivo,Te amo Gran experiencia ir a la hey shop Lxs tqm
783,2024-03-23,21:38:20,,,,,?,"Me recomendaron charliehack50 en TELEGRAM. Ã‰l puede ayudae a solucionar este problema. RecuperÃ© el mÃ­o con su ayuda, asÃ­ que lo recomiendo como la mejor y mÃ¡s rÃ¡pida opciÃ³n."
784,2024-03-26,6:00:06,,,,,Solicitud de apoyo,Buen dia! Hay alguna promocion a MSI para el pago de tenencia del ? Saludos
785,2024-03-27,20:47:08,,,,Sugerencia,Agradecimiento,"Yo sÃ­ recomiendo! Aunque siento que es difÃ­cil que te la aprueben si nunca has tenido una, o si no tienes historial con banamex (al menos he escuchado casos asÃ­), mi primera tdc fue de heybanco y recomiendo, en ese tiempo daban 1 o 2% de recompensas en compras con la tarjeta+"
786,2024-03-27,2:21:57,,,,,Agradecimiento,"Gracias a por invitarnos a conocer mÃ¡s sobre la colecciÃ³n retro asÃ­ como los detalles y obsequios ! Mi Tarjeta es la de Anime , acorde para comprar los boletos de cine para la nueva pelÃ­cula de rascaldoesnotdream"
787,2024-03-28,20:07:52,,,,,Solicitud de apoyo,Hola. Estaremos encantados de asistie de la mejor manera. Te invitamos a que nos escribas un DM y con gusto te ayudaremos con toda la informaciÃ³n que requieres. Estaremos pendientes de ti.
788,2024-03-28,18:00:54,,,,,Comentario negativo,gracias didi por la confianza y incrementar mi lÃ­nea de crÃ©dito a 20k ni y mean ofreciendo tanto crÃ©dito gracias solo faltarÃ­a los MSI
789,2024-03-28,17:31:57,,,,,Solicitud de apoyo,"Hola! Gracias, acabo de enviar correo."
790,2024-03-30,19:47:37,,,,,Solicitud de apoyo,"hola, Les mande dm :)"
791,2024-03-30,18:47:15,,,,,Comentario positivo,Ayer me ganÃ© un sombrerito en y real me quedaba con mi outfit jajajaja y fui feliz todo el festival. Me lo chulearon mucho ğŸ’œâ˜ºï¸ğŸ¤­
792,2024-03-31,23:19:35,,,,,Comentario negativo,A diferencia de ustedes han demostrado una verdadera comprensiÃ³n de las necesidades de sus clientes. Â¡Gracias por hacer posible que mis proyectos se hagan realidad! ğŸ™ŒğŸ¼ğŸ’™
793,2024-03-31,2:47:12,,,,,?,TE AMO UN CHINGO ğŸ˜
794,2024-04-04,8:41:17,,,,,?,Akamba regresa gracias a Aprovecha la venta PRE Cael presentada por Hey Banco. Disfruta de esta etapa Ãºnicaâ€¦
795,2024-04-04,1:05:10,,,,,Sugerencia,Lo mÃ­o se resolviÃ³ fÃ¡cil. Solo entra a la banca en lÃ­nea desde una computadora y te dirÃ¡ que estas bloqueado pero pones el token de tu cel y listo. Suee
796,2024-04-05,2:55:10,,,,,?,Para mÃ­ eso es mÃ¡s que suficiente.
797,2024-04-07,23:22:19,,,,,?,"Me recomendaron charliehack50 en TELEGRAM. Ã‰l puede ayudae a solucionar este problema. RecuperÃ© el mÃ­o con su ayuda, asÃ­ que lo recomiendo como la mejor y mÃ¡s rÃ¡pida opciÃ³n."
798,2024-04-10,21:57:10,,,,,Solicitud de apoyo,TambiÃ©n necesito ayuda
799,2024-04-10,16:53:34,,,,,Comentario positivo,Listo!
800,2024-04-10,16:05:30,,,,,Agradecimiento,Gracias ya lo solucione
801,2024-04-12,17:19:20,,,,,Solicitud de apoyo,"buenos dÃ­as, llevo desde el otro fin de semana tratando de pagar mis tarjetas pero no puede transferir a hey banco desde mi cuenta principal. ME REGRESAN TODAS LAS TRANSFERECIAS AYUDA"
802,2024-04-15,23:44:20,,,,,Comentario positivo,Y asÃ­ es como le ganÃ³ la carrera de las fintech a Con una aplicaciÃ³n que siempre funciona y es amigable con el cliente.
803,2024-04-16,17:41:40,,,,,Agradecimiento,Gracias
804,2024-04-17,4:45:42,,,,,Agradecimiento,gracias ğŸ¤©
805,2024-04-18,17:28:23,,,,,Agradecimiento,Gracias
806,2024-04-18,15:59:11,,,,,Agradecimiento,los amo! Gracias ya pude entrar a mi App saludos ğŸ˜†
807,2024-04-18,4:34:45,,,,,Solicitud de apoyo,Sigue sin dejarme aumentar mi linea de la tarjeta de crÃ©dito garantizada
808,2024-04-21,15:21:43,,,,,Agradecimiento,"Ahora confirmo, gracias estimado"
809,2024-04-23,22:52:05,,,,,Agradecimiento,ğŸ˜” de acuerdo!! Muchas gracias.
810,2024-04-23,21:30:12,,,,,Solicitud de apoyo,"TÃ­o cuando me van a graduar, tengo la TDC garantizada ya hace mÃ¡s de un aÃ±o que la saquÃ©, y recuerdo que decÃ­an que con 6 meses de buen uso, ayuda :c"
811,2024-04-25,0:51:24,,,,,Solicitud de apoyo,"una duda, con quiÃ©n tengo que ver si tengo problemas para aumentar mi lÃ­nea de crÃ©dito de mi tarjeta hey garantizada, la app no me deja marca un error. Me pasa igual en mis 2 telÃ©fonos que tengo."
812,2024-04-26,13:30:56,,,,,Comentario positivo,"Wey, lo mejor de es que puedo pagar con Apple Pay ğŸ¤©ğŸ¥³"
,,,,,,,,
,,,,,,,,
,,,,,,,Agradecimiento,
,,,,,,,Comentario positivo,
,,,,,,,Sugerencia ,
,,,,,,,Promosion,
,,,,,,,Pregunta,
,,,,,,,Comentarrio negativo,
,,,,,,,Solicitud de apoyo,
,,,,,,,Caso reslueto,